rank,edcs_id
1,EDCS-08900124
2,EDCS-19000030
3,EDCS-18800371
4,EDCS-18900438
5,EDCS-09700041
6,EDCS-52700590
7,EDCS-10200792
8,EDCS-02700732
9,EDCS-71400462
10,EDCS-19200147
11,EDCS-12001362
12,EDCS-09600414
13,EDCS-19000499
14,EDCS-17201212
15,EDCS-52700661
16,EDCS-17200473
17,EDCS-52800445
18,EDCS-02700848
19,EDCS-18100611
20,EDCS-09200044
21,EDCS-18900400
22,EDCS-19000554
23,EDCS-00600536
24,EDCS-71200399
25,EDCS-08900750
26,EDCS-19300203
27,EDCS-19000819
28,EDCS-19300488
29,EDCS-23400970
30,EDCS-19000306
31,EDCS-19300653
32,EDCS-19400058
33,EDCS-14800329
34,EDCS-12000916
35,EDCS-18300393
36,EDCS-12200766
37,EDCS-19000031
38,EDCS-19100642
39,EDCS-18500068
40,EDCS-19600286
41,EDCS-09600126
42,EDCS-18200506
43,EDCS-19100192
44,EDCS-19700302
45,EDCS-09001082
46,EDCS-70800112
47,EDCS-02700065
48,EDCS-30400270
49,EDCS-18600337
50,EDCS-17200465
51,EDCS-09600514
52,EDCS-19000114
53,EDCS-18301039
54,EDCS-00600292
55,EDCS-19300589
56,EDCS-09401328
57,EDCS-19600361
58,EDCS-15300466
59,EDCS-00600559
60,EDCS-09600735
61,EDCS-18700640
62,EDCS-02700326
63,EDCS-14800642
64,EDCS-19000225
65,EDCS-19000101
66,EDCS-19000777
67,EDCS-00600371
68,EDCS-19300919
69,EDCS-59400097
70,EDCS-12001094
71,EDCS-17201474
72,EDCS-09300695
73,EDCS-19300549
74,EDCS-09600802
75,EDCS-17201369
76,EDCS-02600085
77,EDCS-19101265
78,EDCS-19300988
79,EDCS-12101425
80,EDCS-12001329
81,EDCS-09300694
82,EDCS-09300780
83,EDCS-18700130
84,EDCS-12101885
85,EDCS-08900098
86,EDCS-19500142
87,EDCS-07000146
88,EDCS-83900390
89,EDCS-18300471
90,EDCS-18900367
91,EDCS-76600133
92,EDCS-12001564
93,EDCS-19300258
94,EDCS-73800051
95,EDCS-05401014
96,EDCS-09701340
97,EDCS-71400488
98,EDCS-17201394
99,EDCS-19000512
100,EDCS-18800445
101,EDCS-02700140
102,EDCS-19301014
103,EDCS-15400221
104,EDCS-12101162
105,EDCS-18700210
106,EDCS-19800441
107,EDCS-12001225
108,EDCS-18600152
109,EDCS-15600128
110,EDCS-17200723
111,EDCS-19000395
112,EDCS-16000226
113,EDCS-35200251
114,EDCS-18700497
115,EDCS-09600469
116,EDCS-15400415
117,EDCS-02700714
118,EDCS-10200371
119,EDCS-14800250
120,EDCS-18900176
121,EDCS-12101757
122,EDCS-18900179
123,EDCS-18301009
124,EDCS-18900451
125,EDCS-18800386
126,EDCS-18700049
127,EDCS-00600793
128,EDCS-12101403
129,EDCS-18200017
130,EDCS-19000267
131,EDCS-02700867
132,EDCS-15400213
133,EDCS-19700235
134,EDCS-12200826
135,EDCS-18900428
136,EDCS-12101635
137,EDCS-06100007
138,EDCS-15600443
139,EDCS-00600807
140,EDCS-19600103
141,EDCS-70800333
142,EDCS-15400196
143,EDCS-16000267
144,EDCS-12001535
145,EDCS-12101108
146,EDCS-15500473
147,EDCS-19700308
148,EDCS-15200235
149,EDCS-54100663
150,EDCS-16000240
151,EDCS-17200567
152,EDCS-15400208
153,EDCS-10701660
154,EDCS-18600051
155,EDCS-18900678
156,EDCS-18300523
157,EDCS-00600431
158,EDCS-12001341
159,EDCS-19600156
160,EDCS-18700625
161,EDCS-34201061
162,EDCS-15400351
163,EDCS-19200267
164,EDCS-18900498
165,EDCS-19600261
166,EDCS-18700303
167,EDCS-18900665
168,EDCS-18600005
169,EDCS-18800242
170,EDCS-14800241
171,EDCS-64900009
172,EDCS-18600517
173,EDCS-59400072
174,EDCS-19301201
175,EDCS-19100659
176,EDCS-18100937
177,EDCS-12001815
178,EDCS-18800021
179,EDCS-12101619
180,EDCS-12101098
181,EDCS-19000240
182,EDCS-18700181
183,EDCS-13800266
184,EDCS-19000265
185,EDCS-23702313
186,EDCS-18900105
187,EDCS-17200408
188,EDCS-00600001
189,EDCS-12001715
190,EDCS-19100084
191,EDCS-52800484
192,EDCS-18600304
193,EDCS-09600073
194,EDCS-02700816
195,EDCS-12001327
196,EDCS-18900244
197,EDCS-19200184
198,EDCS-18000415
199,EDCS-18100613
200,EDCS-51200036
201,EDCS-18600430
202,EDCS-00600759
203,EDCS-17200854
204,EDCS-18900344
205,EDCS-19600246
206,EDCS-19000260
207,EDCS-12001713
208,EDCS-71400469
209,EDCS-15500355
210,EDCS-18800026
211,EDCS-08500049
212,EDCS-10200406
213,EDCS-19300330
214,EDCS-02700589
215,EDCS-30400268
216,EDCS-15400331
217,EDCS-18900553
218,EDCS-18800099
219,EDCS-09800032
220,EDCS-18300572
221,EDCS-12200740
222,EDCS-71400526
223,EDCS-00600362
224,EDCS-09600330
225,EDCS-19600265
226,EDCS-19000116
227,EDCS-19300597
228,EDCS-00600563
229,EDCS-19100559
230,EDCS-19100062
231,EDCS-19600154
232,EDCS-14800358
233,EDCS-19300740
234,EDCS-19300628
235,EDCS-19100960
236,EDCS-17200550
237,EDCS-52700659
238,EDCS-09300711
239,EDCS-18700353
240,EDCS-18600014
241,EDCS-09701362
242,EDCS-64400208
243,EDCS-71400497
244,EDCS-18300473
245,EDCS-19000032
246,EDCS-10400035
247,EDCS-19000209
248,EDCS-09600404
249,EDCS-12001407
250,EDCS-10200570
251,EDCS-18100414
252,EDCS-19300725
253,EDCS-12101514
254,EDCS-17201519
255,EDCS-30400340
256,EDCS-10200263
257,EDCS-16200322
258,EDCS-19300046
259,EDCS-17201458
260,EDCS-00600070
261,EDCS-18700480
262,EDCS-15500492
263,EDCS-17200863
264,EDCS-18800220
265,EDCS-16000174
266,EDCS-16100522
267,EDCS-19700261
268,EDCS-18900429
269,EDCS-02700161
270,EDCS-19300534
271,EDCS-76400082
272,EDCS-19400506
273,EDCS-14800462
274,EDCS-02700820
275,EDCS-12101119
276,EDCS-19600259
277,EDCS-08600050
278,EDCS-18700548
279,EDCS-12200691
280,EDCS-19000454
281,EDCS-00600705
282,EDCS-13700262
283,EDCS-18800022
284,EDCS-14800918
285,EDCS-16100125
286,EDCS-19000522
287,EDCS-09001081
288,EDCS-09701361
289,EDCS-17201305
290,EDCS-18200005
291,EDCS-15300459
292,EDCS-18800418
293,EDCS-12001294
294,EDCS-15500377
295,EDCS-17200972
296,EDCS-70800336
297,EDCS-18700148
298,EDCS-52602617
299,EDCS-52602595
300,EDCS-18900658
301,EDCS-19200131
302,EDCS-18900237
303,EDCS-19800423
304,EDCS-09600243
305,EDCS-14800644
306,EDCS-12001681
307,EDCS-18600096
308,EDCS-10200296
309,EDCS-15600404
310,EDCS-71000003
311,EDCS-15300404
312,EDCS-13000206
313,EDCS-00600624
314,EDCS-18900671
315,EDCS-08500038
316,EDCS-14800850
317,EDCS-12101381
318,EDCS-12001856
319,EDCS-15600249
320,EDCS-71000042
321,EDCS-17201226
322,EDCS-18900666
323,EDCS-00600541
324,EDCS-18900045
325,EDCS-19000702
326,EDCS-00600702
327,EDCS-18600256
328,EDCS-10200985
329,EDCS-17201657
330,EDCS-19000100
331,EDCS-09400076
332,EDCS-19301264
333,EDCS-13000271
334,EDCS-18700228
335,EDCS-18600295
336,EDCS-18700058
337,EDCS-16100121
338,EDCS-12001464
339,EDCS-17300024
340,EDCS-17200932
341,EDCS-15600145
342,EDCS-64500086
343,EDCS-19301013
344,EDCS-19300650
345,EDCS-15600155
346,EDCS-12101363
347,EDCS-76600209
348,EDCS-19400536
349,EDCS-18900155
350,EDCS-10201118
351,EDCS-19300436
352,EDCS-13000371
353,EDCS-18800412
354,EDCS-14800584
355,EDCS-12200747
356,EDCS-19300923
357,EDCS-19300441
358,EDCS-17201423
359,EDCS-18800036
360,EDCS-19000139
361,EDCS-10200592
362,EDCS-15100511
363,EDCS-19000204
364,EDCS-09001107
365,EDCS-13000137
366,EDCS-16200413
367,EDCS-20500013
368,EDCS-10200517
369,EDCS-19600245
370,EDCS-15100599
371,EDCS-19000258
372,EDCS-19000284
373,EDCS-08900791
374,EDCS-19200123
375,EDCS-19300302
376,EDCS-10200989
377,EDCS-70900089
378,EDCS-18900740
379,EDCS-19400462
380,EDCS-12101195
381,EDCS-18300510
382,EDCS-19000076
383,EDCS-19000781
384,EDCS-00600274
385,EDCS-18600341
386,EDCS-19300927
387,EDCS-18800473
388,EDCS-18900174
389,EDCS-12001122
390,EDCS-07000093
391,EDCS-17200504
392,EDCS-30400333
393,EDCS-18900362
394,EDCS-18600347
395,EDCS-76600124
396,EDCS-14800560
397,EDCS-18100884
398,EDCS-19600183
399,EDCS-52700580
400,EDCS-09600350
401,EDCS-18700335
402,EDCS-14800267
403,EDCS-19301241
404,EDCS-18600804
405,EDCS-00600185
406,EDCS-12101595
407,EDCS-15400243
408,EDCS-18900347
409,EDCS-19300376
410,EDCS-22300160
411,EDCS-15600673
412,EDCS-76800049
413,EDCS-03900014
414,EDCS-19100533
415,EDCS-19600197
416,EDCS-08600038
417,EDCS-18500227
418,EDCS-18700175
419,EDCS-19300841
420,EDCS-09600014
421,EDCS-18900473
422,EDCS-19101180
423,EDCS-02700154
424,EDCS-15400146
425,EDCS-09600349
426,EDCS-00600683
427,EDCS-14800465
428,EDCS-19000173
429,EDCS-10200836
430,EDCS-09600865
431,EDCS-15400262
432,EDCS-19300393
433,EDCS-13000341
434,EDCS-09300724
435,EDCS-09600331
436,EDCS-18500222
437,EDCS-17201329
438,EDCS-18100902
439,EDCS-18700301
440,EDCS-18700163
441,EDCS-19000025
442,EDCS-10200632
443,EDCS-13000320
444,EDCS-19101142
445,EDCS-19200103
446,EDCS-10200607
447,EDCS-12001862
448,EDCS-17200489
449,EDCS-15500286
450,EDCS-12001079
451,EDCS-18901015
452,EDCS-09600249
453,EDCS-18700188
454,EDCS-52700614
455,EDCS-19100967
456,EDCS-10200931
457,EDCS-19000581
458,EDCS-30400299
459,EDCS-16200370
460,EDCS-18300809
461,EDCS-17201466
462,EDCS-19600114
463,EDCS-71400501
464,EDCS-09600699
465,EDCS-08500047
466,EDCS-15200200
467,EDCS-10200388
468,EDCS-09600354
469,EDCS-18900088
470,EDCS-15500138
471,EDCS-12000956
472,EDCS-00600203
473,EDCS-17201437
474,EDCS-18700498
475,EDCS-18800118
476,EDCS-52700777
477,EDCS-19200086
478,EDCS-02700157
479,EDCS-02700622
480,EDCS-15600189
481,EDCS-19600244
482,EDCS-00600470
483,EDCS-18600034
484,EDCS-18900559
485,EDCS-14800287
486,EDCS-18300804
487,EDCS-08500040
488,EDCS-52800498
489,EDCS-17200733
490,EDCS-17201512
491,EDCS-15900457
492,EDCS-14800531
493,EDCS-18700499
494,EDCS-12101438
495,EDCS-03900018
496,EDCS-10200971
497,EDCS-18900577
498,EDCS-00600044
499,EDCS-19300408
500,EDCS-19300332
501,EDCS-54100634
502,EDCS-09600323
503,EDCS-09700044
504,EDCS-15600344
505,EDCS-19301133
506,EDCS-18100901
507,EDCS-15400206
508,EDCS-18500229
509,EDCS-12101748
510,EDCS-09600505
511,EDCS-19300678
512,EDCS-18800397
513,EDCS-02700872
514,EDCS-18500246
515,EDCS-18600181
516,EDCS-17201106
517,EDCS-15200258
518,EDCS-19301030
519,EDCS-18600190
520,EDCS-12200749
521,EDCS-00600592
522,EDCS-18600222
523,EDCS-09300763
524,EDCS-19300383
525,EDCS-18600213
526,EDCS-19300737
527,EDCS-18900970
528,EDCS-19301181
529,EDCS-00600412
530,EDCS-12101665
531,EDCS-15100476
532,EDCS-10200888
533,EDCS-15500557
534,EDCS-19301215
535,EDCS-18900014
536,EDCS-12001070
537,EDCS-76500123
538,EDCS-19000653
539,EDCS-52800480
540,EDCS-18301048
541,EDCS-18900663
542,EDCS-61800082
543,EDCS-14800771
544,EDCS-09400799
545,EDCS-09701357
546,EDCS-15400358
547,EDCS-76800052
548,EDCS-12001491
549,EDCS-13000349
550,EDCS-19300365
551,EDCS-52602640
552,EDCS-19000088
553,EDCS-18900341
554,EDCS-76600125
555,EDCS-64400154
556,EDCS-19700228
557,EDCS-15600369
558,EDCS-19100319
559,EDCS-18600186
560,EDCS-10200927
561,EDCS-17300033
562,EDCS-18200470
563,EDCS-08900099
564,EDCS-02700324
565,EDCS-18700361
566,EDCS-09800003
567,EDCS-09600543
568,EDCS-12101759
569,EDCS-14800483
570,EDCS-12001720
571,EDCS-14800677
572,EDCS-18500218
573,EDCS-19300565
574,EDCS-18700557
575,EDCS-18700378
576,EDCS-15300526
577,EDCS-12001183
578,EDCS-15300532
579,EDCS-14800736
580,EDCS-18900210
581,EDCS-08300051
582,EDCS-52700740
583,EDCS-02700142
584,EDCS-17201129
585,EDCS-18900122
586,EDCS-19700227
587,EDCS-18700280
588,EDCS-09800030
589,EDCS-10200693
590,EDCS-19000303
591,EDCS-19600405
592,EDCS-19400441
593,EDCS-19700205
594,EDCS-18700501
595,EDCS-18300443
596,EDCS-19600222
597,EDCS-13000333
598,EDCS-15400416
599,EDCS-18600425
600,EDCS-19000463
601,EDCS-15500526
602,EDCS-00600389
603,EDCS-09600806
604,EDCS-08500037
605,EDCS-15200254
606,EDCS-16100027
607,EDCS-18900128
608,EDCS-12100909
609,EDCS-19000037
610,EDCS-12001286
611,EDCS-30400311
612,EDCS-12101493
613,EDCS-16200363
614,EDCS-18700297
615,EDCS-18600225
616,EDCS-15100532
617,EDCS-15500166
618,EDCS-18900635
619,EDCS-18700133
620,EDCS-17201187
621,EDCS-00600732
622,EDCS-09300696
623,EDCS-19300097
624,EDCS-16200210
625,EDCS-19000732
626,EDCS-02700328
627,EDCS-71200398
628,EDCS-18600800
629,EDCS-19600254
630,EDCS-09600074
631,EDCS-15300436
632,EDCS-12001198
633,EDCS-15500277
634,EDCS-19000219
635,EDCS-52800263
636,EDCS-18900709
637,EDCS-18300461
638,EDCS-16200439
639,EDCS-09800018
640,EDCS-19400438
641,EDCS-19300858
642,EDCS-09600333
643,EDCS-15300469
644,EDCS-15500430
645,EDCS-12000944
646,EDCS-18300503
647,EDCS-18800071
648,EDCS-18900012
649,EDCS-19600122
650,EDCS-00600128
651,EDCS-02700850
652,EDCS-12001374
653,EDCS-18300961
654,EDCS-16100539
655,EDCS-18800052
656,EDCS-10200346
657,EDCS-18700333
658,EDCS-09001109
659,EDCS-02700761
660,EDCS-16000177
661,EDCS-17200721
662,EDCS-14800836
663,EDCS-16100097
664,EDCS-10200492
665,EDCS-15600326
666,EDCS-54501000
667,EDCS-16000169
668,EDCS-10200900
669,EDCS-19100664
670,EDCS-34200221
671,EDCS-19101226
672,EDCS-19300588
673,EDCS-15600127
674,EDCS-19100069
675,EDCS-18301031
676,EDCS-12001439
677,EDCS-12001317
678,EDCS-30400338
679,EDCS-15600148
680,EDCS-18600813
681,EDCS-19600143
682,EDCS-18900061
683,EDCS-09600725
684,EDCS-19300724
685,EDCS-19300567
686,EDCS-18800085
687,EDCS-18900289
688,EDCS-17200234
689,EDCS-18200436
690,EDCS-18300940
691,EDCS-19000123
692,EDCS-09600538
693,EDCS-70800342
694,EDCS-19101158
695,EDCS-18500113
696,EDCS-12200734
697,EDCS-08900048
698,EDCS-19300338
699,EDCS-17300022
700,EDCS-19600142
701,EDCS-19301262
702,EDCS-14800666
703,EDCS-12101127
704,EDCS-10200264
705,EDCS-18900730
706,EDCS-18500089
707,EDCS-19000121
708,EDCS-13302574
709,EDCS-17201346
710,EDCS-13000154
711,EDCS-17201227
712,EDCS-10200396
713,EDCS-10200640
714,EDCS-10200954
715,EDCS-65200133
716,EDCS-08900762
717,EDCS-12001063
718,EDCS-18100655
719,EDCS-19600314
720,EDCS-18600294
721,EDCS-18300976
722,EDCS-00600393
723,EDCS-19300416
724,EDCS-71400502
725,EDCS-19700281
726,EDCS-12001889
727,EDCS-09701358
728,EDCS-10200730
729,EDCS-18700384
730,EDCS-18900253
731,EDCS-17201298
732,EDCS-15600685
733,EDCS-17200724
734,EDCS-18700027
735,EDCS-18301020
736,EDCS-18300447
737,EDCS-14800258
738,EDCS-18200430
739,EDCS-19300750
740,EDCS-19200186
741,EDCS-12001157
742,EDCS-18900018
743,EDCS-52700563
744,EDCS-19300476
745,EDCS-18700620
746,EDCS-00600651
747,EDCS-09001101
748,EDCS-12101241
749,EDCS-14800700
750,EDCS-19300339
751,EDCS-17200413
752,EDCS-18700648
753,EDCS-12200785
754,EDCS-18900977
755,EDCS-18600016
756,EDCS-10200429
757,EDCS-02700163
758,EDCS-10200211
759,EDCS-09400030
760,EDCS-02700093
761,EDCS-19200100
762,EDCS-18900993
763,EDCS-16200451
764,EDCS-19300067
765,EDCS-17201607
766,EDCS-09600064
767,EDCS-19301038
768,EDCS-19300661
769,EDCS-19300045
770,EDCS-17201659
771,EDCS-19000744
772,EDCS-61800075
773,EDCS-19100051
774,EDCS-19100035
775,EDCS-18300429
776,EDCS-52800443
777,EDCS-00600520
778,EDCS-52700732
779,EDCS-52700739
780,EDCS-16100114
781,EDCS-14800496
782,EDCS-00600964
783,EDCS-15100644
784,EDCS-18600192
785,EDCS-17200660
786,EDCS-19000405
787,EDCS-00600992
788,EDCS-13000331
789,EDCS-18200428
790,EDCS-19100055
791,EDCS-15500169
792,EDCS-02700218
793,EDCS-15600353
794,EDCS-17200873
795,EDCS-19300951
796,EDCS-12001019
797,EDCS-02700460
798,EDCS-17201182
799,EDCS-16200336
800,EDCS-00600661
801,EDCS-18301019
802,EDCS-18800044
803,EDCS-18100910
804,EDCS-30400345
805,EDCS-19000720
806,EDCS-18300919
807,EDCS-15300224
808,EDCS-33400591
809,EDCS-18900550
810,EDCS-15600162
811,EDCS-15300452
812,EDCS-12101568
813,EDCS-19600210
814,EDCS-15200252
815,EDCS-12101441
816,EDCS-18500134
817,EDCS-19000210
818,EDCS-18300914
819,EDCS-16100176
820,EDCS-18700166
821,EDCS-12101225
822,EDCS-12101011
823,EDCS-19300713
824,EDCS-09600200
825,EDCS-17201554
826,EDCS-12001776
827,EDCS-17200518
828,EDCS-18700288
829,EDCS-02700425
830,EDCS-17200652
831,EDCS-17800495
832,EDCS-18900065
833,EDCS-15600483
834,EDCS-19300380
835,EDCS-16000225
836,EDCS-18900096
837,EDCS-19900227
838,EDCS-15200198
839,EDCS-12001022
840,EDCS-07400036
841,EDCS-10200213
842,EDCS-18300947
843,EDCS-18300609
844,EDCS-15300513
845,EDCS-00600132
846,EDCS-14800904
847,EDCS-12101810
848,EDCS-15500460
849,EDCS-19300529
850,EDCS-52800160
851,EDCS-00600374
852,EDCS-12100993
853,EDCS-09600822
854,EDCS-18700342
855,EDCS-17200653
856,EDCS-18600814
857,EDCS-18600543
858,EDCS-15600674
859,EDCS-18700025
860,EDCS-18600350
861,EDCS-19300300
862,EDCS-19300457
863,EDCS-10201095
864,EDCS-09600380
865,EDCS-19000084
866,EDCS-16200388
867,EDCS-14800416
868,EDCS-10400033
869,EDCS-18500077
870,EDCS-18800428
871,EDCS-18300560
872,EDCS-02600009
873,EDCS-15200153
874,EDCS-19400405
875,EDCS-18600221
876,EDCS-19000547
877,EDCS-19101317
878,EDCS-19300124
879,EDCS-00600859
880,EDCS-19600284
881,EDCS-34200275
882,EDCS-19100025
883,EDCS-18200464
884,EDCS-09600385
885,EDCS-14800283
886,EDCS-12001676
887,EDCS-18900520
888,EDCS-09600194
889,EDCS-54100638
890,EDCS-10201064
891,EDCS-09600133
892,EDCS-02700805
893,EDCS-18300497
894,EDCS-71000005
895,EDCS-14800853
896,EDCS-19101162
897,EDCS-02700092
898,EDCS-19300876
899,EDCS-12001627
900,EDCS-16100036
901,EDCS-27900409
902,EDCS-18900257
903,EDCS-14800730
904,EDCS-19600263
905,EDCS-18500141
906,EDCS-15300476
907,EDCS-00600456
908,EDCS-09600158
909,EDCS-09600856
910,EDCS-12001523
911,EDCS-19200305
912,EDCS-18500085
913,EDCS-10201039
914,EDCS-19000276
915,EDCS-12001884
916,EDCS-14800427
917,EDCS-18900753
918,EDCS-12800229
919,EDCS-02700128
920,EDCS-52602632
921,EDCS-15600511
922,EDCS-18900459
923,EDCS-09600418
924,EDCS-09600139
925,EDCS-52700567
926,EDCS-10200923
927,EDCS-19101109
928,EDCS-13600196
929,EDCS-14800311
930,EDCS-16200506
931,EDCS-19101007
932,EDCS-19000146
933,EDCS-13000318
934,EDCS-18600155
935,EDCS-19300697
936,EDCS-18700307
937,EDCS-19200116
938,EDCS-16200219
939,EDCS-16100011
940,EDCS-18300460
941,EDCS-19600280
942,EDCS-19101297
943,EDCS-14800335
944,EDCS-52602581
945,EDCS-10201126
946,EDCS-16100113
947,EDCS-18300543
948,EDCS-19300945
949,EDCS-09600814
950,EDCS-12101348
951,EDCS-15500301
952,EDCS-14800474
953,EDCS-10201121
954,EDCS-09300705
955,EDCS-19100117
956,EDCS-15300456
957,EDCS-52602654
958,EDCS-18900024
959,EDCS-18900533
960,EDCS-18600046
961,EDCS-15400067
962,EDCS-19301179
963,EDCS-17200918
964,EDCS-19600208
965,EDCS-16100161
966,EDCS-18301013
967,EDCS-19200054
968,EDCS-19600129
969,EDCS-10701641
970,EDCS-18300999
971,EDCS-18900156
972,EDCS-18900990
973,EDCS-08600048
974,EDCS-12101091
975,EDCS-52700751
976,EDCS-00600831
977,EDCS-18800415
978,EDCS-16100049
979,EDCS-00600634
980,EDCS-15600376
981,EDCS-00600780
982,EDCS-52700591
983,EDCS-12000966
984,EDCS-18800238
985,EDCS-19300307
986,EDCS-19000120
987,EDCS-70800329
988,EDCS-19000381
989,EDCS-17201481
990,EDCS-18300562
991,EDCS-18300395
992,EDCS-15500359
993,EDCS-00600711
994,EDCS-18900409
995,EDCS-23500388
996,EDCS-18100693
997,EDCS-17200402
998,EDCS-15400168
999,EDCS-19500144
1000,EDCS-00600303
1001,EDCS-12101850
1002,EDCS-17200205
1003,EDCS-19000156
1004,EDCS-15500571
1005,EDCS-19300849
1006,EDCS-52800270
1007,EDCS-10200987
1008,EDCS-00600079
1009,EDCS-18301040
1010,EDCS-00600365
1011,EDCS-16200510
1012,EDCS-19300657
1013,EDCS-18900251
1014,EDCS-19600149
1015,EDCS-18301001
1016,EDCS-71400531
1017,EDCS-09700524
1018,EDCS-15500317
1019,EDCS-19301035
1020,EDCS-12001587
1021,EDCS-14800486
1022,EDCS-17200952
1023,EDCS-19100015
1024,EDCS-19600327
1025,EDCS-19301019
1026,EDCS-10200504
1027,EDCS-02700738
1028,EDCS-18900121
1029,EDCS-19000660
1030,EDCS-16100153
1031,EDCS-17200586
1032,EDCS-12200768
1033,EDCS-19300627
1034,EDCS-15600638
1035,EDCS-19300438
1036,EDCS-15500563
1037,EDCS-00600987
1038,EDCS-19300536
1039,EDCS-02700858
1040,EDCS-18100924
1041,EDCS-12101763
1042,EDCS-10200915
1043,EDCS-15400070
1044,EDCS-15300591
1045,EDCS-00600763
1046,EDCS-18700154
1047,EDCS-19000770
1048,EDCS-07400006
1049,EDCS-18600070
1050,EDCS-19300402
1051,EDCS-07400079
1052,EDCS-19900243
1053,EDCS-18900268
1054,EDCS-09600706
1055,EDCS-19300556
1056,EDCS-12101480
1057,EDCS-09300740
1058,EDCS-13000244
1059,EDCS-18300533
1060,EDCS-19301128
1061,EDCS-12200794
1062,EDCS-18301027
1063,EDCS-82000078
1064,EDCS-18100956
1065,EDCS-08600030
1066,EDCS-10200654
1067,EDCS-17201575
1068,EDCS-19301112
1069,EDCS-15100520
1070,EDCS-16100480
1071,EDCS-18700369
1072,EDCS-18700505
1073,EDCS-09800011
1074,EDCS-15500300
1075,EDCS-18900205
1076,EDCS-19100206
1077,EDCS-06100052
1078,EDCS-19300422
1079,EDCS-16000250
1080,EDCS-10201124
1081,EDCS-13000153
1082,EDCS-18900127
1083,EDCS-52700730
1084,EDCS-18100768
1085,EDCS-76600187
1086,EDCS-17201480
1087,EDCS-19000066
1088,EDCS-10200673
1089,EDCS-15600513
1090,EDCS-52700758
1091,EDCS-12001020
1092,EDCS-19101339
1093,EDCS-15200250
1094,EDCS-19600123
1095,EDCS-09600259
1096,EDCS-12001098
1097,EDCS-19100506
1098,EDCS-15400457
1099,EDCS-08500043
1100,EDCS-18600323
1101,EDCS-19300933
1102,EDCS-00600481
1103,EDCS-16000273
1104,EDCS-19700222
1105,EDCS-18300913
1106,EDCS-12101891
1107,EDCS-15400080
1108,EDCS-18900238
1109,EDCS-18600660
1110,EDCS-19100614
1111,EDCS-09600216
1112,EDCS-12200690
1113,EDCS-02700741
1114,EDCS-12101861
1115,EDCS-12101064
1116,EDCS-14800647
1117,EDCS-18900116
1118,EDCS-07400065
1119,EDCS-12001305
1120,EDCS-03900126
1121,EDCS-07000145
1122,EDCS-17200938
1123,EDCS-19300288
1124,EDCS-20600718
1125,EDCS-15500402
1126,EDCS-10201133
1127,EDCS-18700504
1128,EDCS-09400062
1129,EDCS-19300868
1130,EDCS-12101017
1131,EDCS-18300449
1132,EDCS-23702314
1133,EDCS-15200232
1134,EDCS-18500066
1135,EDCS-18700581
1136,EDCS-15400301
1137,EDCS-18600303
1138,EDCS-20000096
1139,EDCS-02700011
1140,EDCS-18900950
1141,EDCS-19300684
1142,EDCS-34201053
1143,EDCS-08900078
1144,EDCS-16100461
1145,EDCS-15600068
1146,EDCS-19700316
1147,EDCS-19000578
1148,EDCS-15500341
1149,EDCS-00600464
1150,EDCS-18600289
1151,EDCS-15600466
1152,EDCS-71400511
1153,EDCS-18100659
1154,EDCS-10201199
1155,EDCS-12101622
1156,EDCS-18100663
1157,EDCS-14800400
1158,EDCS-09600696
1159,EDCS-08600058
1160,EDCS-08300041
1161,EDCS-17201664
1162,EDCS-15500292
1163,EDCS-15400199
1164,EDCS-18200519
1165,EDCS-15600661
1166,EDCS-12001597
1167,EDCS-14800634
1168,EDCS-19700247
1169,EDCS-17200718
1170,EDCS-61500403
1171,EDCS-18900479
1172,EDCS-08900778
1173,EDCS-14800805
1174,EDCS-15100619
1175,EDCS-18800312
1176,EDCS-12100961
1177,EDCS-02700463
1178,EDCS-19000110
1179,EDCS-15500386
1180,EDCS-19600341
1181,EDCS-12101436
1182,EDCS-10200446
1183,EDCS-02700075
1184,EDCS-19600404
1185,EDCS-18300548
1186,EDCS-18900647
1187,EDCS-18900043
1188,EDCS-14800893
1189,EDCS-19300101
1190,EDCS-19300114
1191,EDCS-15300514
1192,EDCS-16200319
1193,EDCS-19000067
1194,EDCS-15600451
1195,EDCS-12101712
1196,EDCS-18700358
1197,EDCS-14800431
1198,EDCS-18600227
1199,EDCS-09600664
1200,EDCS-09401290
1201,EDCS-12001883
1202,EDCS-09600666
1203,EDCS-18700136
1204,EDCS-18600741
1205,EDCS-19301024
1206,EDCS-19400425
1207,EDCS-19600389
1208,EDCS-19100965
1209,EDCS-18200024
1210,EDCS-15200188
1211,EDCS-18900717
1212,EDCS-19301205
1213,EDCS-02700158
1214,EDCS-19300553
1215,EDCS-18700131
1216,EDCS-17300046
1217,EDCS-09600507
1218,EDCS-19300281
1219,EDCS-12001132
1220,EDCS-19300465
1221,EDCS-19600349
1222,EDCS-18500108
1223,EDCS-19300614
1224,EDCS-12101545
1225,EDCS-15600532
1226,EDCS-12101654
1227,EDCS-12101140
1228,EDCS-18900212
1229,EDCS-17200384
1230,EDCS-15600232
1231,EDCS-09600700
1232,EDCS-12001102
1233,EDCS-51200035
1234,EDCS-09400073
1235,EDCS-52602669
1236,EDCS-02700823
1237,EDCS-19300464
1238,EDCS-18500314
1239,EDCS-19300938
1240,EDCS-19000020
1241,EDCS-52800368
1242,EDCS-07000097
1243,EDCS-18300408
1244,EDCS-09401341
1245,EDCS-19300964
1246,EDCS-12101179
1247,EDCS-09600539
1248,EDCS-18700180
1249,EDCS-00600934
1250,EDCS-14800804
1251,EDCS-09300103
1252,EDCS-19300381
1253,EDCS-17200799
1254,EDCS-14800441
1255,EDCS-18100762
1256,EDCS-09401284
1257,EDCS-12101825
1258,EDCS-10701668
1259,EDCS-16200493
1260,EDCS-08600034
1261,EDCS-18100880
1262,EDCS-18100743
1263,EDCS-18300995
1264,EDCS-08900090
1265,EDCS-16100383
1266,EDCS-12200637
1267,EDCS-15100491
1268,EDCS-17800496
1269,EDCS-12200778
1270,EDCS-15400002
1271,EDCS-19600118
1272,EDCS-19300531
1273,EDCS-19000023
1274,EDCS-18700186
1275,EDCS-18901011
1276,EDCS-19000607
1277,EDCS-12101720
1278,EDCS-00600306
1279,EDCS-18600527
1280,EDCS-12001570
1281,EDCS-15500205
1282,EDCS-17200978
1283,EDCS-55702353
1284,EDCS-71400518
1285,EDCS-08900125
1286,EDCS-18900708
1287,EDCS-18900265
1288,EDCS-02700819
1289,EDCS-02700857
1290,EDCS-18800257
1291,EDCS-19300275
1292,EDCS-18600208
1293,EDCS-12101838
1294,EDCS-09600783
1295,EDCS-18900152
1296,EDCS-20500020
1297,EDCS-00600337
1298,EDCS-12100999
1299,EDCS-19400377
1300,EDCS-09300104
1301,EDCS-19300420
1302,EDCS-19300659
1303,EDCS-15500263
1304,EDCS-79300003
1305,EDCS-19300880
1306,EDCS-12101583
1307,EDCS-18300541
1308,EDCS-18600193
1309,EDCS-64400156
1310,EDCS-15400401
1311,EDCS-18301060
1312,EDCS-18900071
1313,EDCS-02700707
1314,EDCS-30400325
1315,EDCS-07000131
1316,EDCS-19200050
1317,EDCS-12101626
1318,EDCS-07000086
1319,EDCS-19300574
1320,EDCS-64400175
1321,EDCS-18200500
1322,EDCS-09600338
1323,EDCS-19000467
1324,EDCS-10200921
1325,EDCS-07000113
1326,EDCS-18900359
1327,EDCS-17201125
1328,EDCS-18700203
1329,EDCS-12101099
1330,EDCS-18800435
1331,EDCS-16100045
1332,EDCS-12001352
1333,EDCS-15300527
1334,EDCS-52602607
1335,EDCS-18900380
1336,EDCS-19600146
1337,EDCS-19000598
1338,EDCS-18700562
1339,EDCS-19100096
1340,EDCS-18000420
1341,EDCS-33400582
1342,EDCS-17900106
1343,EDCS-08600054
1344,EDCS-72300183
1345,EDCS-16200237
1346,EDCS-14800274
1347,EDCS-12001632
1348,EDCS-12100937
1349,EDCS-19300925
1350,EDCS-12001837
1351,EDCS-15200247
1352,EDCS-52800243
1353,EDCS-19300309
1354,EDCS-15200206
1355,EDCS-18200495
1356,EDCS-09600355
1357,EDCS-07000096
1358,EDCS-18900206
1359,EDCS-15700180
1360,EDCS-71400520
1361,EDCS-17200545
1362,EDCS-70800326
1363,EDCS-00600324
1364,EDCS-18900151
1365,EDCS-09600500
1366,EDCS-12200723
1367,EDCS-13200916
1368,EDCS-14800620
1369,EDCS-18900103
1370,EDCS-18600428
1371,EDCS-18300459
1372,EDCS-71400478
1373,EDCS-18800470
1374,EDCS-18700170
1375,EDCS-12001211
1376,EDCS-19100308
1377,EDCS-15500514
1378,EDCS-08900120
1379,EDCS-10200315
1380,EDCS-83200027
1381,EDCS-19000249
1382,EDCS-09600571
1383,EDCS-52800345
1384,EDCS-06100026
1385,EDCS-15600504
1386,EDCS-15600375
1387,EDCS-10200489
1388,EDCS-18700319
1389,EDCS-18500254
1390,EDCS-76800047
1391,EDCS-15600203
1392,EDCS-14800414
1393,EDCS-18800440
1394,EDCS-10701633
1395,EDCS-12001651
1396,EDCS-19000105
1397,EDCS-14800936
1398,EDCS-18900164
1399,EDCS-09300100
1400,EDCS-09600520
1401,EDCS-10200360
1402,EDCS-19600191
1403,EDCS-19300532
1404,EDCS-14800253
1405,EDCS-19200206
1406,EDCS-13900565
1407,EDCS-19600130
1408,EDCS-18600097
1409,EDCS-19000338
1410,EDCS-14800369
1411,EDCS-18300494
1412,EDCS-19300676
1413,EDCS-18600078
1414,EDCS-18200040
1415,EDCS-19600325
1416,EDCS-12001217
1417,EDCS-71400491
1418,EDCS-10200790
1419,EDCS-18600443
1420,EDCS-15500314
1421,EDCS-12200763
1422,EDCS-18900573
1423,EDCS-18900747
1424,EDCS-09700823
1425,EDCS-18700496
1426,EDCS-10200869
1427,EDCS-00601000
1428,EDCS-18901016
1429,EDCS-19600407
1430,EDCS-18900321
1431,EDCS-09600689
1432,EDCS-17200981
1433,EDCS-08900737
1434,EDCS-19200074
1435,EDCS-00600063
1436,EDCS-15500343
1437,EDCS-46500053
1438,EDCS-12101107
1439,EDCS-12001756
1440,EDCS-15300410
1441,EDCS-14800266
1442,EDCS-15500447
1443,EDCS-12101876
1444,EDCS-18300616
1445,EDCS-18700571
1446,EDCS-12001178
1447,EDCS-12101202
1448,EDCS-19700292
1449,EDCS-14800784
1450,EDCS-03900039
1451,EDCS-54100642
1452,EDCS-18700559
1453,EDCS-19700202
1454,EDCS-18700221
1455,EDCS-18300531
1456,EDCS-52700769
1457,EDCS-19300433
1458,EDCS-18300926
1459,EDCS-18700165
1460,EDCS-13800096
1461,EDCS-12001059
1462,EDCS-07600076
1463,EDCS-15500274
1464,EDCS-09800008
1465,EDCS-18900434
1466,EDCS-17201009
1467,EDCS-17201158
1468,EDCS-00600646
1469,EDCS-14800519
1470,EDCS-02700070
1471,EDCS-16100527
1472,EDCS-16100048
1473,EDCS-70900551
1474,EDCS-19300909
1475,EDCS-12001583
1476,EDCS-19200279
1477,EDCS-64300080
1478,EDCS-19300666
1479,EDCS-19400538
1480,EDCS-19600162
1481,EDCS-19100537
1482,EDCS-18900260
1483,EDCS-19000254
1484,EDCS-15400237
1485,EDCS-19301134
1486,EDCS-19600339
1487,EDCS-12001293
1488,EDCS-18800383
1489,EDCS-15600300
1490,EDCS-08900104
1491,EDCS-08900126
1492,EDCS-12001295
1493,EDCS-12100976
1494,EDCS-09600035
1495,EDCS-12001545
1496,EDCS-18700357
1497,EDCS-19100502
1498,EDCS-16200478
1499,EDCS-60800002
1500,EDCS-08900735
1501,EDCS-19300456
1502,EDCS-18800063
1503,EDCS-07000098
1504,EDCS-12101875
1505,EDCS-02700331
1506,EDCS-19100421
1507,EDCS-18301078
1508,EDCS-19300289
1509,EDCS-16000239
1510,EDCS-16200509
1511,EDCS-16000266
1512,EDCS-19700285
1513,EDCS-19300640
1514,EDCS-19700260
1515,EDCS-09600729
1516,EDCS-18100916
1517,EDCS-16100165
1518,EDCS-15400157
1519,EDCS-19300379
1520,EDCS-12101857
1521,EDCS-18300529
1522,EDCS-09001094
1523,EDCS-18900548
1524,EDCS-19300475
1525,EDCS-13000233
1526,EDCS-09600644
1527,EDCS-17300045
1528,EDCS-12101165
1529,EDCS-19300194
1530,EDCS-84000240
1531,EDCS-16200217
1532,EDCS-10201105
1533,EDCS-19700267
1534,EDCS-19000096
1535,EDCS-09300741
1536,EDCS-19101310
1537,EDCS-19300872
1538,EDCS-71400507
1539,EDCS-52700595
1540,EDCS-19000462
1541,EDCS-19000085
1542,EDCS-19000707
1543,EDCS-18700338
1544,EDCS-18300942
1545,EDCS-19600237
1546,EDCS-61800198
1547,EDCS-19300329
1548,EDCS-17200490
1549,EDCS-52800404
1550,EDCS-12101765
1551,EDCS-18800373
1552,EDCS-19301267
1553,EDCS-15300392
1554,EDCS-45800013
1555,EDCS-18900567
1556,EDCS-00600105
1557,EDCS-15500525
1558,EDCS-19600214
1559,EDCS-10200635
1560,EDCS-18700283
1561,EDCS-02700875
1562,EDCS-14800377
1563,EDCS-09300109
1564,EDCS-09600038
1565,EDCS-17200483
1566,EDCS-15400179
1567,EDCS-19000332
1568,EDCS-82300116
1569,EDCS-19101055
1570,EDCS-18300570
1571,EDCS-19000015
1572,EDCS-12101152
1573,EDCS-18800374
1574,EDCS-15400280
1575,EDCS-18100837
1576,EDCS-15600522
1577,EDCS-10200647
1578,EDCS-52602588
1579,EDCS-19101123
1580,EDCS-19300680
1581,EDCS-00600043
1582,EDCS-12101558
1583,EDCS-10200853
1584,EDCS-12001323
1585,EDCS-18800358
1586,EDCS-18800411
1587,EDCS-00600630
1588,EDCS-18900158
1589,EDCS-08900789
1590,EDCS-54100656
1591,EDCS-15400182
1592,EDCS-12101801
1593,EDCS-19700284
1594,EDCS-12001155
1595,EDCS-16200218
1596,EDCS-09600386
1597,EDCS-19000119
1598,EDCS-14800444
1599,EDCS-15400223
1600,EDCS-18100665
1601,EDCS-19600402
1602,EDCS-14800284
1603,EDCS-17200790
1604,EDCS-18301077
1605,EDCS-19101245
1606,EDCS-19000751
1607,EDCS-08300033
1608,EDCS-17201609
1609,EDCS-13000151
1610,EDCS-18600214
1611,EDCS-09600862
1612,EDCS-19300145
1613,EDCS-19300191
1614,EDCS-18600439
1615,EDCS-18600148
1616,EDCS-00600023
1617,EDCS-19600322
1618,EDCS-18900745
1619,EDCS-00600997
1620,EDCS-12200739
1621,EDCS-19300954
1622,EDCS-09700815
1623,EDCS-17201649
1624,EDCS-08900796
1625,EDCS-18700298
1626,EDCS-17200114
1627,EDCS-15500538
1628,EDCS-18900430
1629,EDCS-12001377
1630,EDCS-13000301
1631,EDCS-19300352
1632,EDCS-08900743
1633,EDCS-19301049
1634,EDCS-19300122
1635,EDCS-76600200
1636,EDCS-15500266
1637,EDCS-19300112
1638,EDCS-18200490
1639,EDCS-16200310
1640,EDCS-19000400
1641,EDCS-30400335
1642,EDCS-18900561
1643,EDCS-18800337
1644,EDCS-18600329
1645,EDCS-15200283
1646,EDCS-15100645
1647,EDCS-18600234
1648,EDCS-19000362
1649,EDCS-16100471
1650,EDCS-00600091
1651,EDCS-52700660
1652,EDCS-15600414
1653,EDCS-20000097
1654,EDCS-10200302
1655,EDCS-15300433
1656,EDCS-18900741
1657,EDCS-18900131
1658,EDCS-18600036
1659,EDCS-18700556
1660,EDCS-00600635
1661,EDCS-18800479
1662,EDCS-18301014
1663,EDCS-15500165
1664,EDCS-09600624
1665,EDCS-18000447
1666,EDCS-15500276
1667,EDCS-18800451
1668,EDCS-12101458
1669,EDCS-19300276
1670,EDCS-12101549
1671,EDCS-52800267
1672,EDCS-09300714
1673,EDCS-18800375
1674,EDCS-30400296
1675,EDCS-19300484
1676,EDCS-00600608
1677,EDCS-02700494
1678,EDCS-15500240
1679,EDCS-18900413
1680,EDCS-00600989
1681,EDCS-18600434
1682,EDCS-19000244
1683,EDCS-18700134
1684,EDCS-12001180
1685,EDCS-18600461
1686,EDCS-18600420
1687,EDCS-12101495
1688,EDCS-02700870
1689,EDCS-18100735
1690,EDCS-15100523
1691,EDCS-17200902
1692,EDCS-19301186
1693,EDCS-10200519
1694,EDCS-19000115
1695,EDCS-12101682
1696,EDCS-18900996
1697,EDCS-19200088
1698,EDCS-07000118
1699,EDCS-30400284
1700,EDCS-17201404
1701,EDCS-12001635
1702,EDCS-19700305
1703,EDCS-52800357
1704,EDCS-19800415
1705,EDCS-13000148
1706,EDCS-19000574
1707,EDCS-17200628
1708,EDCS-19700232
1709,EDCS-10200878
1710,EDCS-07000123
1711,EDCS-10200668
1712,EDCS-14800568
1713,EDCS-19600126
1714,EDCS-10701661
1715,EDCS-15300443
1716,EDCS-18300795
1717,EDCS-19101193
1718,EDCS-15100588
1719,EDCS-71000024
1720,EDCS-09300720
1721,EDCS-18301042
1722,EDCS-19000350
1723,EDCS-12001142
1724,EDCS-18300437
1725,EDCS-15400266
1726,EDCS-17201535
1727,EDCS-08900129
1728,EDCS-12101856
1729,EDCS-18600545
1730,EDCS-12200779
1731,EDCS-34200244
1732,EDCS-19300459
1733,EDCS-12101481
1734,EDCS-19000064
1735,EDCS-19600125
1736,EDCS-09600228
1737,EDCS-52800313
1738,EDCS-19300133
1739,EDCS-18600111
1740,EDCS-18100747
1741,EDCS-19700322
1742,EDCS-18600109
1743,EDCS-52700662
1744,EDCS-18900692
1745,EDCS-12001728
1746,EDCS-09600091
1747,EDCS-08900016
1748,EDCS-14801526
1749,EDCS-19300905
1750,EDCS-09401311
1751,EDCS-18300920
1752,EDCS-19000186
1753,EDCS-09400802
1754,EDCS-18700187
1755,EDCS-19000207
1756,EDCS-18500245
1757,EDCS-03900152
1758,EDCS-02700752
1759,EDCS-12000925
1760,EDCS-19301001
1761,EDCS-18700308
1762,EDCS-09700825
1763,EDCS-64900003
1764,EDCS-15100508
1765,EDCS-16200299
1766,EDCS-12101505
1767,EDCS-17200394
1768,EDCS-12001110
1769,EDCS-12101056
1770,EDCS-12101845
1771,EDCS-18600103
1772,EDCS-10201195
1773,EDCS-07600039
1774,EDCS-18300492
1775,EDCS-16100105
1776,EDCS-19100623
1777,EDCS-18600757
1778,EDCS-02700082
1779,EDCS-09401343
1780,EDCS-18700483
1781,EDCS-09701353
1782,EDCS-19200294
1783,EDCS-18100642
1784,EDCS-15600082
1785,EDCS-09600043
1786,EDCS-19300391
1787,EDCS-16200355
1788,EDCS-10200305
1789,EDCS-18800237
1790,EDCS-74700697
1791,EDCS-00600350
1792,EDCS-18300518
1793,EDCS-18901017
1794,EDCS-08900763
1795,EDCS-09600223
1796,EDCS-18200468
1797,EDCS-18700592
1798,EDCS-19200114
1799,EDCS-12001605
1800,EDCS-19100152
1801,EDCS-18500140
1802,EDCS-19300323
1803,EDCS-09600819
1804,EDCS-00600103
1805,EDCS-19300720
1806,EDCS-19000394
1807,EDCS-12101569
1808,EDCS-18300994
1809,EDCS-52800361
1810,EDCS-14800605
1811,EDCS-18900719
1812,EDCS-12200781
1813,EDCS-18900215
1814,EDCS-18800259
1815,EDCS-08900088
1816,EDCS-30400321
1817,EDCS-16200916
1818,EDCS-19300682
1819,EDCS-15400160
1820,EDCS-18800241
1821,EDCS-00600615
1822,EDCS-12101327
1823,EDCS-64400173
1824,EDCS-15500356
1825,EDCS-14800420
1826,EDCS-15400321
1827,EDCS-12101283
1828,EDCS-52800301
1829,EDCS-16200725
1830,EDCS-19100070
1831,EDCS-19200109
1832,EDCS-17201365
1833,EDCS-19700256
1834,EDCS-12101233
1835,EDCS-19000510
1836,EDCS-18700192
1837,EDCS-12101741
1838,EDCS-09401312
1839,EDCS-13000276
1840,EDCS-19300633
1841,EDCS-00600448
1842,EDCS-17201401
1843,EDCS-19301269
1844,EDCS-19300561
1845,EDCS-18300481
1846,EDCS-18900691
1847,EDCS-18900468
1848,EDCS-18600123
1849,EDCS-18301032
1850,EDCS-13200646
1851,EDCS-00600143
1852,EDCS-16200393
1853,EDCS-18000445
1854,EDCS-00600744
1855,EDCS-16200209
1856,EDCS-30400329
1857,EDCS-19600110
1858,EDCS-16100537
1859,EDCS-00600765
1860,EDCS-07400071
1861,EDCS-00600672
1862,EDCS-18800015
1863,EDCS-09400793
1864,EDCS-02700561
1865,EDCS-16000182
1866,EDCS-19000201
1867,EDCS-19700264
1868,EDCS-12101661
1869,EDCS-10200902
1870,EDCS-13000126
1871,EDCS-13000119
1872,EDCS-18900150
1873,EDCS-19500149
1874,EDCS-14800908
1875,EDCS-18800465
1876,EDCS-27900418
1877,EDCS-18800028
1878,EDCS-00600549
1879,EDCS-09600433
1880,EDCS-18900522
1881,EDCS-09600847
1882,EDCS-18600235
1883,EDCS-12001782
1884,EDCS-19300894
1885,EDCS-18300399
1886,EDCS-10201053
1887,EDCS-02700063
1888,EDCS-15600060
1889,EDCS-19101338
1890,EDCS-19300512
1891,EDCS-18800459
1892,EDCS-27300266
1893,EDCS-19100106
1894,EDCS-09400027
1895,EDCS-10200479
1896,EDCS-09001108
1897,EDCS-15600379
1898,EDCS-00600428
1899,EDCS-09600573
1900,EDCS-12101412
1901,EDCS-19300702
1902,EDCS-12001113
1903,EDCS-12101226
1904,EDCS-12101853
1905,EDCS-17201344
1906,EDCS-00600565
1907,EDCS-14800233
1908,EDCS-52800369
1909,EDCS-83500210
1910,EDCS-10200283
1911,EDCS-12001373
1912,EDCS-15200257
1913,EDCS-12001260
1914,EDCS-52700620
1915,EDCS-18900208
1916,EDCS-17201471
1917,EDCS-19300142
1918,EDCS-61800259
1919,EDCS-15600302
1920,EDCS-19301146
1921,EDCS-19600274
1922,EDCS-19300447
1923,EDCS-19700244
1924,EDCS-52800309
1925,EDCS-10200787
1926,EDCS-19300521
1927,EDCS-18100876
1928,EDCS-18700575
1929,EDCS-19000014
1930,EDCS-17300035
1931,EDCS-02700735
1932,EDCS-00600166
1933,EDCS-18300446
1934,EDCS-71400519
1935,EDCS-18100749
1936,EDCS-15600585
1937,EDCS-00600688
1938,EDCS-18900414
1939,EDCS-15500154
1940,EDCS-15500123
1941,EDCS-16100082
1942,EDCS-18700345
1943,EDCS-17201598
1944,EDCS-18600272
1945,EDCS-00600918
1946,EDCS-02700747
1947,EDCS-13400240
1948,EDCS-18900085
1949,EDCS-09300730
1950,EDCS-02700133
1951,EDCS-02600016
1952,EDCS-52602587
1953,EDCS-15100067
1954,EDCS-17200547
1955,EDCS-02700459
1956,EDCS-12001357
1957,EDCS-17200418
1958,EDCS-19000193
1959,EDCS-18500257
1960,EDCS-19300939
1961,EDCS-19400396
1962,EDCS-15500275
1963,EDCS-00600104
1964,EDCS-12200752
1965,EDCS-18700582
1966,EDCS-18100684
1967,EDCS-18900569
1968,EDCS-15600634
1969,EDCS-12100916
1970,EDCS-15600078
1971,EDCS-70800103
1972,EDCS-00600857
1973,EDCS-12101033
1974,EDCS-19000063
1975,EDCS-18700207
1976,EDCS-09600583
1977,EDCS-09600096
1978,EDCS-12101492
1979,EDCS-00600207
1980,EDCS-08000287
1981,EDCS-52700609
1982,EDCS-18100666
1983,EDCS-09600630
1984,EDCS-12101880
1985,EDCS-19301207
1986,EDCS-12001131
1987,EDCS-18700416
1988,EDCS-09300743
1989,EDCS-15600262
1990,EDCS-19000455
1991,EDCS-18700146
1992,EDCS-18600128
1993,EDCS-02700824
1994,EDCS-18500255
1995,EDCS-19300404
1996,EDCS-00600773
1997,EDCS-18600349
1998,EDCS-18900442
1999,EDCS-17201273
2000,EDCS-13000235
2001,EDCS-19000500
2002,EDCS-19300877
2003,EDCS-32701110
2004,EDCS-12101340
2005,EDCS-18900706
2006,EDCS-19200133
2007,EDCS-18900687
2008,EDCS-14800421
2009,EDCS-08900765
2010,EDCS-18900124
2011,EDCS-15600646
2012,EDCS-15400355
2013,EDCS-19300579
2014,EDCS-18100907
2015,EDCS-18900736
2016,EDCS-52800365
2017,EDCS-00600115
2018,EDCS-19200027
2019,EDCS-17201215
2020,EDCS-09001080
2021,EDCS-17201002
2022,EDCS-15600122
2023,EDCS-10200764
2024,EDCS-18900129
2025,EDCS-17201181
2026,EDCS-17201229
2027,EDCS-19000091
2028,EDCS-15100453
2029,EDCS-17301020
2030,EDCS-18900419
2031,EDCS-64400207
2032,EDCS-18700158
2033,EDCS-09600124
2034,EDCS-18700174
2035,EDCS-12101892
2036,EDCS-12101781
2037,EDCS-12100964
2038,EDCS-19300413
2039,EDCS-18800047
2040,EDCS-12101870
2041,EDCS-18500261
2042,EDCS-12200745
2043,EDCS-18100786
2044,EDCS-16200351
2045,EDCS-08500034
2046,EDCS-19700294
2047,EDCS-09001089
2048,EDCS-17201337
2049,EDCS-16100083
2050,EDCS-12101421
2051,EDCS-14800735
2052,EDCS-18700550
2053,EDCS-10200808
2054,EDCS-15200253
2055,EDCS-18900239
2056,EDCS-15300483
2057,EDCS-19700326
2058,EDCS-15600283
2059,EDCS-18600013
2060,EDCS-19300897
2061,EDCS-07000109
2062,EDCS-09600100
2063,EDCS-18700484
2064,EDCS-12001246
2065,EDCS-02700190
2066,EDCS-19000297
2067,EDCS-19300562
2068,EDCS-18700646
2069,EDCS-17200746
2070,EDCS-18700183
2071,EDCS-19200062
2072,EDCS-19300718
2073,EDCS-18500099
2074,EDCS-02700713
2075,EDCS-12001891
2076,EDCS-19600269
2077,EDCS-15500192
2078,EDCS-10200871
2079,EDCS-18900480
2080,EDCS-18300555
2081,EDCS-09400791
2082,EDCS-18900290
2083,EDCS-19301022
2084,EDCS-19200179
2085,EDCS-70800334
2086,EDCS-18800481
2087,EDCS-15500217
2088,EDCS-83600060
2089,EDCS-18900162
2090,EDCS-18800261
2091,EDCS-19300303
2092,EDCS-18700607
2093,EDCS-34200262
2094,EDCS-09600286
2095,EDCS-09701451
2096,EDCS-18800240
2097,EDCS-15600244
2098,EDCS-18200454
2099,EDCS-14800272
2100,EDCS-12001704
2101,EDCS-18700227
2102,EDCS-17201476
2103,EDCS-00600221
2104,EDCS-30400263
2105,EDCS-19300284
2106,EDCS-18700630
2107,EDCS-19000690
2108,EDCS-02700184
2109,EDCS-19300873
2110,EDCS-12101355
2111,EDCS-20000123
2112,EDCS-10200716
2113,EDCS-02700849
2114,EDCS-12101827
2115,EDCS-02700421
2116,EDCS-02700080
2117,EDCS-09401323
2118,EDCS-19100676
2119,EDCS-18700618
2120,EDCS-16200318
2121,EDCS-19900194
2122,EDCS-09300111
2123,EDCS-07400093
2124,EDCS-00600562
2125,EDCS-17201502
2126,EDCS-00600473
2127,EDCS-18700500
2128,EDCS-19200082
2129,EDCS-18700536
2130,EDCS-12001043
2131,EDCS-12001029
2132,EDCS-19300845
2133,EDCS-19700270
2134,EDCS-12101083
2135,EDCS-19000054
2136,EDCS-15600468
2137,EDCS-19300450
2138,EDCS-19000424
2139,EDCS-02700613
2140,EDCS-09001078
2141,EDCS-16000214
2142,EDCS-18700234
2143,EDCS-19300533
2144,EDCS-83500226
2145,EDCS-55702329
2146,EDCS-16100053
2147,EDCS-18100927
2148,EDCS-17200396
2149,EDCS-36400285
2150,EDCS-19400056
2151,EDCS-17201637
2152,EDCS-18900735
2153,EDCS-18900757
2154,EDCS-00600483
2155,EDCS-00600879
2156,EDCS-16100524
2157,EDCS-15500197
2158,EDCS-18900486
2159,EDCS-12000953
2160,EDCS-13000145
2161,EDCS-12001369
2162,EDCS-16100050
2163,EDCS-14800524
2164,EDCS-17300049
2165,EDCS-10200652
2166,EDCS-64700170
2167,EDCS-19100567
2168,EDCS-18600383
2169,EDCS-19100422
2170,EDCS-18800398
2171,EDCS-12001430
2172,EDCS-14800572
2173,EDCS-19000437
2174,EDCS-12200833
2175,EDCS-19300003
2176,EDCS-19000545
2177,EDCS-07000116
2178,EDCS-18500250
2179,EDCS-12101711
2180,EDCS-18300405
2181,EDCS-14800339
2182,EDCS-52800199
2183,EDCS-15600144
2184,EDCS-09300121
2185,EDCS-09001083
2186,EDCS-18600098
2187,EDCS-12800235
2188,EDCS-18900453
2189,EDCS-18900154
2190,EDCS-76600186
2191,EDCS-19200254
2192,EDCS-16000212
2193,EDCS-09300115
2194,EDCS-13000228
2195,EDCS-19000333
2196,EDCS-10200293
2197,EDCS-80700071
2198,EDCS-17201065
2199,EDCS-19400148
2200,EDCS-18600429
2201,EDCS-18300983
2202,EDCS-19301127
2203,EDCS-09001084
2204,EDCS-18300765
2205,EDCS-15200217
2206,EDCS-16200240
2207,EDCS-10200398
2208,EDCS-18700151
2209,EDCS-12001503
2210,EDCS-18600175
2211,EDCS-09600340
2212,EDCS-10200366
2213,EDCS-19200112
2214,EDCS-15400419
2215,EDCS-18300564
2216,EDCS-17200633
2217,EDCS-19000391
2218,EDCS-09600593
2219,EDCS-12001845
2220,EDCS-17700071
2221,EDCS-15400184
2222,EDCS-18700522
2223,EDCS-17201384
2224,EDCS-12101804
2225,EDCS-18800419
2226,EDCS-09600756
2227,EDCS-19300384
2228,EDCS-12001737
2229,EDCS-19100973
2230,EDCS-18100748
2231,EDCS-15100672
2232,EDCS-19300621
2233,EDCS-19700289
2234,EDCS-08300046
2235,EDCS-19200113
2236,EDCS-19101277
2237,EDCS-17200425
2238,EDCS-16100065
2239,EDCS-13300003
2240,EDCS-82900051
2241,EDCS-79300004
2242,EDCS-18900964
2243,EDCS-15600075
2244,EDCS-30400291
2245,EDCS-12001159
2246,EDCS-17201099
2247,EDCS-12200753
2248,EDCS-15100569
2249,EDCS-30400316
2250,EDCS-02700712
2251,EDCS-18500331
2252,EDCS-09300750
2253,EDCS-16201244
2254,EDCS-18900513
2255,EDCS-17200914
2256,EDCS-18700054
2257,EDCS-12001662
2258,EDCS-18900464
2259,EDCS-19400505
2260,EDCS-18900552
2261,EDCS-18300967
2262,EDCS-12101731
2263,EDCS-19300851
2264,EDCS-18300413
2265,EDCS-29900378
2266,EDCS-00600522
2267,EDCS-12101593
2268,EDCS-08900062
2269,EDCS-12101739
2270,EDCS-19600097
2271,EDCS-80200135
2272,EDCS-18500310
2273,EDCS-52800407
2274,EDCS-19000520
2275,EDCS-71000049
2276,EDCS-18300956
2277,EDCS-16100035
2278,EDCS-18301030
2279,EDCS-33400597
2280,EDCS-16200985
2281,EDCS-19600227
2282,EDCS-18900523
2283,EDCS-15100567
2284,EDCS-12600531
2285,EDCS-18900661
2286,EDCS-12800205
2287,EDCS-15400350
2288,EDCS-12001502
2289,EDCS-10201106
2290,EDCS-14800320
2291,EDCS-18900531
2292,EDCS-17200657
2293,EDCS-19101018
2294,EDCS-19600135
2295,EDCS-18800213
2296,EDCS-14800716
2297,EDCS-12101291
2298,EDCS-52800500
2299,EDCS-19300173
2300,EDCS-19300349
2301,EDCS-19400116
2302,EDCS-18900300
2303,EDCS-19300387
2304,EDCS-20700081
2305,EDCS-00600617
2306,EDCS-19301272
2307,EDCS-00600552
2308,EDCS-19400514
2309,EDCS-09600738
2310,EDCS-15400232
2311,EDCS-15600381
2312,EDCS-19300255
2313,EDCS-19301045
2314,EDCS-18800046
2315,EDCS-09001088
2316,EDCS-52700558
2317,EDCS-00600034
2318,EDCS-18900222
2319,EDCS-19300368
2320,EDCS-18200442
2321,EDCS-09600537
2322,EDCS-19300936
2323,EDCS-16100479
2324,EDCS-09600039
2325,EDCS-17201461
2326,EDCS-16000230
2327,EDCS-10200261
2328,EDCS-19100118
2329,EDCS-17201464
2330,EDCS-09600611
2331,EDCS-19000035
2332,EDCS-19600200
2333,EDCS-18900659
2334,EDCS-15400126
2335,EDCS-18900976
2336,EDCS-18600327
2337,EDCS-12101208
2338,EDCS-19000384
2339,EDCS-19301173
2340,EDCS-10201022
2341,EDCS-15600363
2342,EDCS-15600384
2343,EDCS-15600505
2344,EDCS-19000124
2345,EDCS-19000226
2346,EDCS-00600146
2347,EDCS-17201448
2348,EDCS-08900096
2349,EDCS-00600847
2350,EDCS-18500247
2351,EDCS-19301099
2352,EDCS-52800459
2353,EDCS-00600697
2354,EDCS-12100995
2355,EDCS-12101360
2356,EDCS-09300707
2357,EDCS-10400031
2358,EDCS-12000945
2359,EDCS-16200333
2360,EDCS-16200426
2361,EDCS-02700165
2362,EDCS-12101477
2363,EDCS-14800567
2364,EDCS-00600276
2365,EDCS-19301008
2366,EDCS-14800587
2367,EDCS-18700156
2368,EDCS-19300645
2369,EDCS-12100997
2370,EDCS-27801012
2371,EDCS-18700044
2372,EDCS-81800041
2373,EDCS-08900752
2374,EDCS-19300647
2375,EDCS-18900029
2376,EDCS-09600004
2377,EDCS-00600757
2378,EDCS-19000465
2379,EDCS-18600112
2380,EDCS-19300904
2381,EDCS-19600242
2382,EDCS-12001345
2383,EDCS-18300972
2384,EDCS-19300500
2385,EDCS-18300927
2386,EDCS-19301009
2387,EDCS-19000016
2388,EDCS-18900490
2389,EDCS-17201417
2390,EDCS-06100045
2391,EDCS-07000126
2392,EDCS-52800315
2393,EDCS-12001648
2394,EDCS-17201342
2395,EDCS-71400522
2396,EDCS-10200831
2397,EDCS-09600528
2398,EDCS-15400174
2399,EDCS-19300623
2400,EDCS-19300109
2401,EDCS-00600965
2402,EDCS-13000111
2403,EDCS-19700301
2404,EDCS-00600225
2405,EDCS-17200531
2406,EDCS-15400414
2407,EDCS-54100664
2408,EDCS-20500017
2409,EDCS-18600003
2410,EDCS-19300497
2411,EDCS-02700164
2412,EDCS-30400315
2413,EDCS-09300792
2414,EDCS-18600348
2415,EDCS-14800851
2416,EDCS-18900756
2417,EDCS-12001291
2418,EDCS-15500518
2419,EDCS-12001136
2420,EDCS-19100259
2421,EDCS-54100633
2422,EDCS-19300372
2423,EDCS-13000315
2424,EDCS-18800343
2425,EDCS-18100894
2426,EDCS-18600211
2427,EDCS-02700579
2428,EDCS-19400164
2429,EDCS-15600092
2430,EDCS-19600128
2431,EDCS-76800035
2432,EDCS-69100014
2433,EDCS-19000441
2434,EDCS-16100542
2435,EDCS-19301250
2436,EDCS-18901020
2437,EDCS-52602578
2438,EDCS-09600708
2439,EDCS-12001751
2440,EDCS-14800521
2441,EDCS-12001299
2442,EDCS-18900317
2443,EDCS-15500227
2444,EDCS-18901009
2445,EDCS-14800362
2446,EDCS-83500207
2447,EDCS-12001602
2448,EDCS-12800199
2449,EDCS-12001262
2450,EDCS-19600299
2451,EDCS-19600516
2452,EDCS-19200253
2453,EDCS-13300018
2454,EDCS-07400082
2455,EDCS-18700019
2456,EDCS-19900225
2457,EDCS-16200394
2458,EDCS-19200189
2459,EDCS-32805467
2460,EDCS-19100412
2461,EDCS-18700008
2462,EDCS-00600008
2463,EDCS-18900530
2464,EDCS-18000451
2465,EDCS-19200213
2466,EDCS-14800395
2467,EDCS-18900087
2468,EDCS-19000621
2469,EDCS-12001023
2470,EDCS-19300981
2471,EDCS-12100994
2472,EDCS-32701107
2473,EDCS-18300589
2474,EDCS-02700881
2475,EDCS-02700554
2476,EDCS-54100611
2477,EDCS-19300906
2478,EDCS-00600323
2479,EDCS-19000049
2480,EDCS-03900131
2481,EDCS-08900077
2482,EDCS-10200433
2483,EDCS-17600483
2484,EDCS-08900100
2485,EDCS-71400510
2486,EDCS-18300508
2487,EDCS-15300246
2488,EDCS-19000472
2489,EDCS-52800310
2490,EDCS-13000324
2491,EDCS-18800250
2492,EDCS-17200749
2493,EDCS-00600551
2494,EDCS-18300911
2495,EDCS-19300015
2496,EDCS-76600130
2497,EDCS-15400256
2498,EDCS-19300519
2499,EDCS-17200941
2500,EDCS-18301035
2501,EDCS-12101736
2502,EDCS-19900195
2503,EDCS-14800723
2504,EDCS-02700834
2505,EDCS-19100546
2506,EDCS-19300703
2507,EDCS-18600197
2508,EDCS-17200537
2509,EDCS-34201070
2510,EDCS-00600699
2511,EDCS-18900416
2512,EDCS-18301041
2513,EDCS-00600581
2514,EDCS-64400178
2515,EDCS-17201408
2516,EDCS-61800092
2517,EDCS-17200506
2518,EDCS-13000160
2519,EDCS-17200525
2520,EDCS-09600488
2521,EDCS-14800376
2522,EDCS-12101694
2523,EDCS-12200726
2524,EDCS-70900095
2525,EDCS-13000188
2526,EDCS-12200821
2527,EDCS-19200120
2528,EDCS-03900124
2529,EDCS-19200071
2530,EDCS-13300014
2531,EDCS-19300537
2532,EDCS-19300341
2533,EDCS-19000677
2534,EDCS-16000217
2535,EDCS-18800382
2536,EDCS-00600148
2537,EDCS-19000406
2538,EDCS-00600768
2539,EDCS-00600123
2540,EDCS-52700578
2541,EDCS-18600314
2542,EDCS-09600188
2543,EDCS-00600230
2544,EDCS-19300315
2545,EDCS-19100313
2546,EDCS-19100210
2547,EDCS-19000222
2548,EDCS-19600425
2549,EDCS-52800175
2550,EDCS-19400517
2551,EDCS-18700375
2552,EDCS-18700652
2553,EDCS-71400460
2554,EDCS-02700343
2555,EDCS-18900388
2556,EDCS-19300943
2557,EDCS-12001371
2558,EDCS-19000487
2559,EDCS-09600140
2560,EDCS-19700206
2561,EDCS-19200315
2562,EDCS-09600824
2563,EDCS-19300084
2564,EDCS-09600694
2565,EDCS-10201202
2566,EDCS-17201038
2567,EDCS-15100668
2568,EDCS-76800048
2569,EDCS-15600152
2570,EDCS-12001130
2571,EDCS-12200900
2572,EDCS-12001626
2573,EDCS-16200432
2574,EDCS-09300773
2575,EDCS-18900063
2576,EDCS-18600384
2577,EDCS-00600299
2578,EDCS-18200447
2579,EDCS-61800084
2580,EDCS-18800340
2581,EDCS-16000139
2582,EDCS-52800205
2583,EDCS-00600621
2584,EDCS-18900519
2585,EDCS-52602672
2586,EDCS-15400250
2587,EDCS-16100017
2588,EDCS-15100528
2589,EDCS-19301132
2590,EDCS-52700749
2591,EDCS-52800252
2592,EDCS-19200063
2593,EDCS-02700751
2594,EDCS-14800554
2595,EDCS-09300762
2596,EDCS-18600066
2597,EDCS-18900558
2598,EDCS-12101312
2599,EDCS-16200441
2600,EDCS-19300485
2601,EDCS-19100604
2602,EDCS-18800086
2603,EDCS-19000597
2604,EDCS-18700542
2605,EDCS-18900283
2606,EDCS-54100652
2607,EDCS-16100466
2608,EDCS-18200451
2609,EDCS-18300486
2610,EDCS-16200222
2611,EDCS-15600270
2612,EDCS-00600508
2613,EDCS-12001167
2614,EDCS-19400512
2615,EDCS-76800036
2616,EDCS-15500510
2617,EDCS-76600192
2618,EDCS-18600200
2619,EDCS-07600023
2620,EDCS-19700219
2621,EDCS-18900718
2622,EDCS-19000257
2623,EDCS-18500327
2624,EDCS-18901003
2625,EDCS-09600492
2626,EDCS-02700869
2627,EDCS-20500019
2628,EDCS-18900190
2629,EDCS-10200725
2630,EDCS-09600373
2631,EDCS-19300857
2632,EDCS-12101706
2633,EDCS-14800679
2634,EDCS-18600441
2635,EDCS-14800442
2636,EDCS-52602601
2637,EDCS-18900232
2638,EDCS-17201234
2639,EDCS-19000073
2640,EDCS-34201066
2641,EDCS-19300677
2642,EDCS-17200445
2643,EDCS-15600529
2644,EDCS-12001318
2645,EDCS-19600105
2646,EDCS-18900139
2647,EDCS-19700279
2648,EDCS-19100113
2649,EDCS-14800347
2650,EDCS-09400049
2651,EDCS-19000086
2652,EDCS-19400478
2653,EDCS-03900008
2654,EDCS-12001826
2655,EDCS-19400500
2656,EDCS-15100603
2657,EDCS-34100153
2658,EDCS-18600185
2659,EDCS-12101647
2660,EDCS-09001117
2661,EDCS-18600265
2662,EDCS-18300943
2663,EDCS-72300184
2664,EDCS-19301239
2665,EDCS-19300123
2666,EDCS-15400242
2667,EDCS-19300591
2668,EDCS-12000985
2669,EDCS-18700624
2670,EDCS-15100604
2671,EDCS-02700060
2672,EDCS-16200315
2673,EDCS-00600176
2674,EDCS-17201646
2675,EDCS-19300992
2676,EDCS-09600730
2677,EDCS-12001532
2678,EDCS-10200925
2679,EDCS-12001280
2680,EDCS-15400337
2681,EDCS-19301260
2682,EDCS-00600557
2683,EDCS-00600129
2684,EDCS-17900147
2685,EDCS-14800927
2686,EDCS-12001698
2687,EDCS-09600482
2688,EDCS-15400207
2689,EDCS-00600919
2690,EDCS-13700245
2691,EDCS-07400068
2692,EDCS-19700258
2693,EDCS-12101637
2694,EDCS-18900484
2695,EDCS-02700315
2696,EDCS-18600188
2697,EDCS-15600209
2698,EDCS-19301036
2699,EDCS-18900524
2700,EDCS-18900474
2701,EDCS-09600024
2702,EDCS-12001120
2703,EDCS-14800670
2704,EDCS-13000130
2705,EDCS-16200435
2706,EDCS-18700055
2707,EDCS-17201431
2708,EDCS-14800503
2709,EDCS-19300135
2710,EDCS-19400099
2711,EDCS-19300474
2712,EDCS-19300890
2713,EDCS-07000111
2714,EDCS-18100882
2715,EDCS-15200207
2716,EDCS-17200678
2717,EDCS-15100464
2718,EDCS-18800227
2719,EDCS-19300546
2720,EDCS-18700124
2721,EDCS-64400151
2722,EDCS-17201450
2723,EDCS-12100975
2724,EDCS-19300663
2725,EDCS-09600864
2726,EDCS-19101181
2727,EDCS-19300944
2728,EDCS-08900776
2729,EDCS-02700099
2730,EDCS-51200033
2731,EDCS-30400264
2732,EDCS-16200397
2733,EDCS-18600050
2734,EDCS-00600266
2735,EDCS-10200979
2736,EDCS-13000159
2737,EDCS-15500186
2738,EDCS-17200637
2739,EDCS-19300618
2740,EDCS-09600485
2741,EDCS-09600020
2742,EDCS-12101120
2743,EDCS-19000341
2744,EDCS-02700417
2745,EDCS-15100653
2746,EDCS-18800266
2747,EDCS-19300583
2748,EDCS-10200779
2749,EDCS-19300704
2750,EDCS-00600153
2751,EDCS-15600366
2752,EDCS-18600801
2753,EDCS-19400166
2754,EDCS-16200252
2755,EDCS-15600392
2756,EDCS-71400494
2757,EDCS-18600015
2758,EDCS-18800462
2759,EDCS-16100007
2760,EDCS-09600212
2761,EDCS-13000275
2762,EDCS-15600061
2763,EDCS-19301000
2764,EDCS-13000203
2765,EDCS-18800319
2766,EDCS-09600645
2767,EDCS-19000412
2768,EDCS-09600233
2769,EDCS-09600030
2770,EDCS-19200060
2771,EDCS-19300425
2772,EDCS-18600085
2773,EDCS-15000127
2774,EDCS-16200503
2775,EDCS-19300353
2776,EDCS-16000211
2777,EDCS-19600096
2778,EDCS-12200845
2779,EDCS-19000078
2780,EDCS-09600540
2781,EDCS-02700089
2782,EDCS-19000192
2783,EDCS-18100950
2784,EDCS-18800267
2785,EDCS-19301273
2786,EDCS-10200667
2787,EDCS-13000224
2788,EDCS-19500146
2789,EDCS-18800107
2790,EDCS-19700318
2791,EDCS-19301031
2792,EDCS-19300966
2793,EDCS-19000320
2794,EDCS-18900240
2795,EDCS-18500276
2796,EDCS-09300113
2797,EDCS-18700349
2798,EDCS-13000227
2799,EDCS-17201255
2800,EDCS-19300480
2801,EDCS-52800179
2802,EDCS-12001170
2803,EDCS-12101330
2804,EDCS-15600285
2805,EDCS-19000158
2806,EDCS-18900331
2807,EDCS-17200326
2808,EDCS-17200877
2809,EDCS-15500570
2810,EDCS-18500122
2811,EDCS-15200272
2812,EDCS-17201039
2813,EDCS-09300105
2814,EDCS-18900149
2815,EDCS-10200260
2816,EDCS-19301029
2817,EDCS-71400521
2818,EDCS-18600183
2819,EDCS-12000995
2820,EDCS-18300814
2821,EDCS-19700200
2822,EDCS-10200337
2823,EDCS-12101068
2824,EDCS-18901007
2825,EDCS-09300745
2826,EDCS-28000917
2827,EDCS-12001370
2828,EDCS-65200097
2829,EDCS-18700304
2830,EDCS-18200530
2831,EDCS-15600217
2832,EDCS-14800621
2833,EDCS-14800482
2834,EDCS-15100680
2835,EDCS-17201581
2836,EDCS-18900966
2837,EDCS-15500233
2838,EDCS-76500116
2839,EDCS-10200549
2840,EDCS-00600331
2841,EDCS-12101207
2842,EDCS-18800456
2843,EDCS-19900249
2844,EDCS-18700159
2845,EDCS-09401332
2846,EDCS-09600518
2847,EDCS-19600107
2848,EDCS-36800042
2849,EDCS-17201385
2850,EDCS-18800110
2851,EDCS-10200710
2852,EDCS-09401285
2853,EDCS-09600408
2854,EDCS-19000414
2855,EDCS-00600650
2856,EDCS-10200657
2857,EDCS-19700274
2858,EDCS-18000412
2859,EDCS-18500244
2860,EDCS-02700851
2861,EDCS-12200755
2862,EDCS-18300987
2863,EDCS-14800390
2864,EDCS-08300052
2865,EDCS-12001150
2866,EDCS-18300499
2867,EDCS-32701101
2868,EDCS-19000804
2869,EDCS-18700417
2870,EDCS-15500278
2871,EDCS-00600611
2872,EDCS-80200130
2873,EDCS-19000340
2874,EDCS-18200509
2875,EDCS-12001212
2876,EDCS-30400317
2877,EDCS-12001894
2878,EDCS-18600433
2879,EDCS-18700126
2880,EDCS-00600709
2881,EDCS-16100074
2882,EDCS-18700190
2883,EDCS-19600353
2884,EDCS-18700393
2885,EDCS-10201170
2886,EDCS-09600032
2887,EDCS-18700585
2888,EDCS-12101719
2889,EDCS-18900684
2890,EDCS-09600370
2891,EDCS-18600245
2892,EDCS-02700127
2893,EDCS-18800230
2894,EDCS-09600626
2895,EDCS-19700268
2896,EDCS-18800016
2897,EDCS-12101789
2898,EDCS-12001830
2899,EDCS-18900506
2900,EDCS-08600020
2901,EDCS-19300517
2902,EDCS-18600324
2903,EDCS-14800648
2904,EDCS-09600440
2905,EDCS-18900485
2906,EDCS-13000262
2907,EDCS-12001025
2908,EDCS-12101130
2909,EDCS-19100995
2910,EDCS-00600479
2911,EDCS-19301151
2912,EDCS-15400274
2913,EDCS-19000247
2914,EDCS-34200253
2915,EDCS-12101077
2916,EDCS-10400036
2917,EDCS-19600179
2918,EDCS-08900740
2919,EDCS-16100474
2920,EDCS-15200269
2921,EDCS-19000072
2922,EDCS-15500509
2923,EDCS-12001365
2924,EDCS-18600094
2925,EDCS-19300503
2926,EDCS-18600368
2927,EDCS-14800412
2928,EDCS-19000291
2929,EDCS-15500127
2930,EDCS-12101800
2931,EDCS-00600969
2932,EDCS-19100527
2933,EDCS-09700827
2934,EDCS-71400496
2935,EDCS-18700606
2936,EDCS-18800317
2937,EDCS-17201531
2938,EDCS-07400103
2939,EDCS-17201116
2940,EDCS-18700318
2941,EDCS-08600062
2942,EDCS-17201142
2943,EDCS-17200482
2944,EDCS-18000419
2945,EDCS-17201195
2946,EDCS-19000259
2947,EDCS-18600724
2948,EDCS-19000104
2949,EDCS-15200145
2950,EDCS-15300502
2951,EDCS-12001253
2952,EDCS-19300568
2953,EDCS-18900749
2954,EDCS-16100034
2955,EDCS-19300358
2956,EDCS-18800325
2957,EDCS-18900724
2958,EDCS-10200655
2959,EDCS-18900015
2960,EDCS-00600460
2961,EDCS-12001470
2962,EDCS-18900742
2963,EDCS-15600303
2964,EDCS-17201352
2965,EDCS-15600057
2966,EDCS-19300541
2967,EDCS-10701651
2968,EDCS-15200264
2969,EDCS-70900100
2970,EDCS-09300734
2971,EDCS-51200151
2972,EDCS-15600114
2973,EDCS-15600549
2974,EDCS-12101057
2975,EDCS-15600417
2976,EDCS-18600335
2977,EDCS-17200442
2978,EDCS-18300975
2979,EDCS-12101228
2980,EDCS-18700616
2981,EDCS-13000194
2982,EDCS-00600026
2983,EDCS-00600036
2984,EDCS-14800453
2985,EDCS-10200699
2986,EDCS-18900457
2987,EDCS-10200744
2988,EDCS-17201573
2989,EDCS-18300772
2990,EDCS-18301051
2991,EDCS-19300755
2992,EDCS-09600036
2993,EDCS-15100632
2994,EDCS-30400348
2995,EDCS-15500228
2996,EDCS-16100486
2997,EDCS-12001187
2998,EDCS-19000416
2999,EDCS-10200833
3000,EDCS-18600107
3001,EDCS-18700011
3002,EDCS-15400422
3003,EDCS-18600426
3004,EDCS-18100878
3005,EDCS-10200623
3006,EDCS-18900249
3007,EDCS-19100994
3008,EDCS-12200731
3009,EDCS-18800476
3010,EDCS-02700162
3011,EDCS-19000775
3012,EDCS-09600311
3013,EDCS-00600243
3014,EDCS-08900119
3015,EDCS-64300076
3016,EDCS-18900153
3017,EDCS-18100424
3018,EDCS-18300936
3019,EDCS-15300424
3020,EDCS-02700719
3021,EDCS-09401287
3022,EDCS-18300501
3023,EDCS-52700731
3024,EDCS-64000101
3025,EDCS-14800663
3026,EDCS-19600147
3027,EDCS-18100423
3028,EDCS-09300744
3029,EDCS-19300733
3030,EDCS-15100554
3031,EDCS-18900705
3032,EDCS-13000229
3033,EDCS-18300507
3034,EDCS-12101782
3035,EDCS-16100072
3036,EDCS-18700062
3037,EDCS-15400338
3038,EDCS-09600356
3039,EDCS-19300477
3040,EDCS-71400512
3041,EDCS-18700137
3042,EDCS-15500218
3043,EDCS-19300552
3044,EDCS-19300551
3045,EDCS-16000257
3046,EDCS-52800305
3047,EDCS-29900366
3048,EDCS-18600319
3049,EDCS-10200472
3050,EDCS-13700247
3051,EDCS-00600009
3052,EDCS-15600614
3053,EDCS-15200226
3054,EDCS-19300564
3055,EDCS-12001592
3056,EDCS-00600727
3057,EDCS-16200403
3058,EDCS-19300252
3059,EDCS-19000250
3060,EDCS-00600527
3061,EDCS-17201565
3062,EDCS-18700143
3063,EDCS-09401326
3064,EDCS-24200406
3065,EDCS-18900503
3066,EDCS-09600184
3067,EDCS-17200433
3068,EDCS-19300686
3069,EDCS-30400269
3070,EDCS-10200378
3071,EDCS-15500467
3072,EDCS-19500155
3073,EDCS-16000246
3074,EDCS-19000409
3075,EDCS-09600688
3076,EDCS-02700196
3077,EDCS-06100012
3078,EDCS-14800672
3079,EDCS-18600134
3080,EDCS-09600468
3081,EDCS-29900376
3082,EDCS-84000241
3083,EDCS-20100028
3084,EDCS-19300953
3085,EDCS-18900224
3086,EDCS-18700171
3087,EDCS-12001485
3088,EDCS-18900091
3089,EDCS-02700020
3090,EDCS-18600296
3091,EDCS-19600098
3092,EDCS-70900101
3093,EDCS-14800322
3094,EDCS-18100843
3095,EDCS-18200505
3096,EDCS-18800011
3097,EDCS-18300803
3098,EDCS-09600018
3099,EDCS-12001024
3100,EDCS-14802130
3101,EDCS-16200486
3102,EDCS-19200207
3103,EDCS-15100556
3104,EDCS-17201185
3105,EDCS-35200239
3106,EDCS-19000206
3107,EDCS-14800653
3108,EDCS-02700202
3109,EDCS-18301056
3110,EDCS-18800224
3111,EDCS-16000269
3112,EDCS-19300655
3113,EDCS-15600654
3114,EDCS-65200096
3115,EDCS-19300638
3116,EDCS-10200349
3117,EDCS-14800719
3118,EDCS-19000270
3119,EDCS-09600681
3120,EDCS-18600250
3121,EDCS-08300037
3122,EDCS-10200484
3123,EDCS-12001090
3124,EDCS-34200234
3125,EDCS-19301047
3126,EDCS-19300469
3127,EDCS-12001661
3128,EDCS-12101133
3129,EDCS-17201035
3130,EDCS-52700641
3131,EDCS-19000236
3132,EDCS-18600079
3133,EDCS-18600521
3134,EDCS-19600189
3135,EDCS-10200511
3136,EDCS-14800257
3137,EDCS-64500081
3138,EDCS-18800037
3139,EDCS-80200131
3140,EDCS-15600485
3141,EDCS-00600313
3142,EDCS-19300290
3143,EDCS-15400277
3144,EDCS-16000208
3145,EDCS-15500516
3146,EDCS-19600203
3147,EDCS-82900045
3148,EDCS-02700862
3149,EDCS-15500532
3150,EDCS-12001221
3151,EDCS-19300311
3152,EDCS-19200124
3153,EDCS-18900229
3154,EDCS-16200340
3155,EDCS-19000212
3156,EDCS-19101313
3157,EDCS-00600591
3158,EDCS-19300212
3159,EDCS-15500261
3160,EDCS-19100978
3161,EDCS-18900166
3162,EDCS-19400450
3163,EDCS-16200404
3164,EDCS-00600447
3165,EDCS-18900023
3166,EDCS-15600328
3167,EDCS-18800342
3168,EDCS-52700647
3169,EDCS-18700015
3170,EDCS-15600137
3171,EDCS-19300934
3172,EDCS-18700392
3173,EDCS-12001379
3174,EDCS-19000436
3175,EDCS-18700129
3176,EDCS-16100108
3177,EDCS-00600061
3178,EDCS-19301115
3179,EDCS-18600104
3180,EDCS-18600267
3181,EDCS-18600022
3182,EDCS-09600317
3183,EDCS-19300337
3184,EDCS-19200263
3185,EDCS-18600042
3186,EDCS-07000107
3187,EDCS-12101816
3188,EDCS-12001097
3189,EDCS-19100531
3190,EDCS-09600605
3191,EDCS-09701318
3192,EDCS-00600743
3193,EDCS-09400005
3194,EDCS-19600182
3195,EDCS-12100967
3196,EDCS-10200659
3197,EDCS-00600458
3198,EDCS-19000793
3199,EDCS-30400266
3200,EDCS-09700523
3201,EDCS-18600215
3202,EDCS-18800478
3203,EDCS-18300928
3204,EDCS-73800045
3205,EDCS-18300766
3206,EDCS-17200404
3207,EDCS-19000264
3208,EDCS-19000018
3209,EDCS-18200427
3210,EDCS-18700545
3211,EDCS-14800391
3212,EDCS-12200735
3213,EDCS-15500170
3214,EDCS-18600446
3215,EDCS-08900082
3216,EDCS-16100044
3217,EDCS-09600111
3218,EDCS-10200720
3219,EDCS-52700759
3220,EDCS-14800777
3221,EDCS-19000253
3222,EDCS-18000444
3223,EDCS-73800039
3224,EDCS-19300625
3225,EDCS-12001270
3226,EDCS-19300334
3227,EDCS-83500208
3228,EDCS-18300811
3229,EDCS-09600081
3230,EDCS-06100050
3231,EDCS-19300632
3232,EDCS-19600131
3233,EDCS-16100494
3234,EDCS-10200536
3235,EDCS-18200458
3236,EDCS-73800052
3237,EDCS-18200501
3238,EDCS-16100089
3239,EDCS-15600299
3240,EDCS-30400297
3241,EDCS-19000094
3242,EDCS-71400532
3243,EDCS-19000295
3244,EDCS-07400101
3245,EDCS-10200313
3246,EDCS-18800385
3247,EDCS-19301043
3248,EDCS-19600238
3249,EDCS-09400025
3250,EDCS-85600259
3251,EDCS-02700018
3252,EDCS-19100535
3253,EDCS-18700570
3254,EDCS-00600188
3255,EDCS-17200817
3256,EDCS-19000555
3257,EDCS-19400073
3258,EDCS-12101454
3259,EDCS-12101756
3260,EDCS-24400413
3261,EDCS-10200908
3262,EDCS-17200722
3263,EDCS-18100442
3264,EDCS-14800408
3265,EDCS-19101016
3266,EDCS-12001482
3267,EDCS-18300764
3268,EDCS-18200531
3269,EDCS-18300464
3270,EDCS-18300988
3271,EDCS-19100034
3272,EDCS-18900167
3273,EDCS-14800772
3274,EDCS-19600120
3275,EDCS-12101581
3276,EDCS-10200695
3277,EDCS-09600652
3278,EDCS-19000807
3279,EDCS-19300215
3280,EDCS-17200765
3281,EDCS-02700852
3282,EDCS-52300891
3283,EDCS-16100126
3284,EDCS-09600641
3285,EDCS-18900247
3286,EDCS-19600285
3287,EDCS-19000724
3288,EDCS-70900090
3289,EDCS-15500480
3290,EDCS-09400041
3291,EDCS-81700377
3292,EDCS-19300400
3293,EDCS-18900514
3294,EDCS-73800053
3295,EDCS-18300524
3296,EDCS-19300864
3297,EDCS-09700516
3298,EDCS-83500219
3299,EDCS-19300844
3300,EDCS-10201065
3301,EDCS-18300792
3302,EDCS-17201620
3303,EDCS-32801604
3304,EDCS-14800261
3305,EDCS-13000161
3306,EDCS-34200282
3307,EDCS-18901021
3308,EDCS-15400118
3309,EDCS-18300934
3310,EDCS-09300726
3311,EDCS-18100710
3312,EDCS-17200891
3313,EDCS-19300587
3314,EDCS-18600163
3315,EDCS-09401273
3316,EDCS-02700096
3317,EDCS-08600046
3318,EDCS-18900006
3319,EDCS-70900933
3320,EDCS-18900494
3321,EDCS-17201524
3322,EDCS-19101325
3323,EDCS-18900501
3324,EDCS-15500443
3325,EDCS-10201040
3326,EDCS-16100039
3327,EDCS-02700757
3328,EDCS-18200459
3329,EDCS-16100166
3330,EDCS-19100616
3331,EDCS-15600174
3332,EDCS-19300507
3333,EDCS-00600486
3334,EDCS-18600333
3335,EDCS-19600171
3336,EDCS-17200466
3337,EDCS-09300788
3338,EDCS-10200586
3339,EDCS-18700343
3340,EDCS-18301070
3341,EDCS-00600622
3342,EDCS-19400402
3343,EDCS-16000151
3344,EDCS-18600336
3345,EDCS-12101903
3346,EDCS-19300971
3347,EDCS-09600623
3348,EDCS-00600915
3349,EDCS-00600521
3350,EDCS-19300961
3351,EDCS-02700336
3352,EDCS-18500262
3353,EDCS-16200983
3354,EDCS-12001490
3355,EDCS-18900509
3356,EDCS-08600056
3357,EDCS-09400800
3358,EDCS-15600325
3359,EDCS-00600927
3360,EDCS-19000093
3361,EDCS-18600451
3362,EDCS-18500215
3363,EDCS-15600377
3364,EDCS-18300575
3365,EDCS-17200419
3366,EDCS-19000404
3367,EDCS-19600416
3368,EDCS-12101110
3369,EDCS-18900638
3370,EDCS-19101272
3371,EDCS-14800616
3372,EDCS-14800380
3373,EDCS-12101124
3374,EDCS-18200039
3375,EDCS-18300773
3376,EDCS-19200078
3377,EDCS-09600117
3378,EDCS-10201116
3379,EDCS-19300918
3380,EDCS-19400170
3381,EDCS-12000954
3382,EDCS-18900540
3383,EDCS-18800226
3384,EDCS-19000112
3385,EDCS-27700278
3386,EDCS-18700302
3387,EDCS-18600277
3388,EDCS-10200391
3389,EDCS-18900197
3390,EDCS-12001617
3391,EDCS-18900571
3392,EDCS-12101190
3393,EDCS-19300793
3394,EDCS-18700320
3395,EDCS-16100528
3396,EDCS-12000934
3397,EDCS-00600568
3398,EDCS-15400326
3399,EDCS-17201445
3400,EDCS-20403545
3401,EDCS-17200471
3402,EDCS-19300862
3403,EDCS-18900186
3404,EDCS-17200832
3405,EDCS-00600986
3406,EDCS-10200990
3407,EDCS-18100430
3408,EDCS-10200243
3409,EDCS-00600363
3410,EDCS-12101206
3411,EDCS-14800332
3412,EDCS-73800041
3413,EDCS-15600395
3414,EDCS-18900452
3415,EDCS-18900056
3416,EDCS-08900051
3417,EDCS-18900537
3418,EDCS-27900416
3419,EDCS-18500251
3420,EDCS-19101160
3421,EDCS-18900668
3422,EDCS-19000251
3423,EDCS-18900420
3424,EDCS-02700077
3425,EDCS-17300042
3426,EDCS-17900109
3427,EDCS-19000275
3428,EDCS-19300723
3429,EDCS-13000149
3430,EDCS-09600042
3431,EDCS-18600343
3432,EDCS-19200266
3433,EDCS-15600084
3434,EDCS-19600239
3435,EDCS-30400306
3436,EDCS-09600702
3437,EDCS-15500573
3438,EDCS-12101644
3439,EDCS-18300452
3440,EDCS-19400168
3441,EDCS-19900228
3442,EDCS-09600840
3443,EDCS-16000157
3444,EDCS-13300011
3445,EDCS-19300164
3446,EDCS-15300517
3447,EDCS-82900053
3448,EDCS-12100934
3449,EDCS-00600737
3450,EDCS-70800354
3451,EDCS-17201498
3452,EDCS-17200597
3453,EDCS-18700149
3454,EDCS-71400534
3455,EDCS-15600138
3456,EDCS-18900261
3457,EDCS-16200208
3458,EDCS-18600100
3459,EDCS-27300287
3460,EDCS-08900030
3461,EDCS-16000149
3462,EDCS-00600064
3463,EDCS-23702351
3464,EDCS-10200583
3465,EDCS-18900657
3466,EDCS-52800460
3467,EDCS-15300457
3468,EDCS-18500303
3469,EDCS-16100127
3470,EDCS-12101666
3471,EDCS-19000492
3472,EDCS-76500122
3473,EDCS-18900554
3474,EDCS-18300951
3475,EDCS-19200110
3476,EDCS-70900103
3477,EDCS-07000088
3478,EDCS-09200023
3479,EDCS-10200550
3480,EDCS-18900171
3481,EDCS-18700043
3482,EDCS-09700843
3483,EDCS-19100215
3484,EDCS-12001452
3485,EDCS-18700200
3486,EDCS-19000570
3487,EDCS-09600850
3488,EDCS-19100045
3489,EDCS-14800629
3490,EDCS-17200984
3491,EDCS-10200495
3492,EDCS-19000089
3493,EDCS-10200286
3494,EDCS-09600274
3495,EDCS-19000388
3496,EDCS-52700656
3497,EDCS-17200766
3498,EDCS-19200218
3499,EDCS-14800597
3500,EDCS-19000791
3501,EDCS-18100428
3502,EDCS-18900401
3503,EDCS-19301121
3504,EDCS-18300398
3505,EDCS-19300522
3506,EDCS-19301200
3507,EDCS-30400359
3508,EDCS-10200846
3509,EDCS-19100963
3510,EDCS-10200467
3511,EDCS-10200424
3512,EDCS-17201180
3513,EDCS-70800345
3514,EDCS-13800022
3515,EDCS-12000990
3516,EDCS-18800447
3517,EDCS-16100030
3518,EDCS-15600120
3519,EDCS-00600876
3520,EDCS-19300515
3521,EDCS-09300058
3522,EDCS-19000657
3523,EDCS-15600294
3524,EDCS-19000319
3525,EDCS-76500115
3526,EDCS-09400018
3527,EDCS-09600496
3528,EDCS-18500243
3529,EDCS-09600552
3530,EDCS-10200775
3531,EDCS-12101258
3532,EDCS-15600679
3533,EDCS-54400272
3534,EDCS-09600527
3535,EDCS-00600056
3536,EDCS-64400191
3537,EDCS-12001375
3538,EDCS-30400302
3539,EDCS-12101802
3540,EDCS-18700279
3541,EDCS-02700863
3542,EDCS-09600466
3543,EDCS-16100090
3544,EDCS-18100926
3545,EDCS-19000163
3546,EDCS-09300108
3547,EDCS-18300513
3548,EDCS-19300878
3549,EDCS-17201617
3550,EDCS-09300761
3551,EDCS-19300525
3552,EDCS-15100496
3553,EDCS-18900445
3554,EDCS-18900476
3555,EDCS-18100945
3556,EDCS-19300487
3557,EDCS-17200538
3558,EDCS-19100121
3559,EDCS-07000128
3560,EDCS-09600366
3561,EDCS-09600279
3562,EDCS-15500471
3563,EDCS-12001755
3564,EDCS-08900122
3565,EDCS-19300886
3566,EDCS-19600401
3567,EDCS-64400157
3568,EDCS-15300418
3569,EDCS-09600560
3570,EDCS-12101419
3571,EDCS-18300532
3572,EDCS-18900101
3573,EDCS-09600796
3574,EDCS-18500305
3575,EDCS-16100381
3576,EDCS-18900271
3577,EDCS-17200898
3578,EDCS-18700503
3579,EDCS-18800324
3580,EDCS-19000159
3581,EDCS-19000335
3582,EDCS-19100684
3583,EDCS-52700727
3584,EDCS-10201010
3585,EDCS-18800030
3586,EDCS-18500221
3587,EDCS-18600219
3588,EDCS-12101585
3589,EDCS-17200627
3590,EDCS-00600497
3591,EDCS-18700224
3592,EDCS-12101415
3593,EDCS-19300435
3594,EDCS-00600571
3595,EDCS-06100023
3596,EDCS-52700615
3597,EDCS-12101900
3598,EDCS-17201658
3599,EDCS-44100212
3600,EDCS-18500121
3601,EDCS-16100541
3602,EDCS-52700713
3603,EDCS-18700374
3604,EDCS-12101677
3605,EDCS-18800364
3606,EDCS-19000087
3607,EDCS-18100783
3608,EDCS-15400193
3609,EDCS-12001810
3610,EDCS-18900551
3611,EDCS-18600174
3612,EDCS-09300698
3613,EDCS-18300944
3614,EDCS-09600607
3615,EDCS-17201127
3616,EDCS-15500289
3617,EDCS-07400080
3618,EDCS-19000432
3619,EDCS-12200839
3620,EDCS-18700295
3621,EDCS-03900070
3622,EDCS-18900984
3623,EDCS-19000577
3624,EDCS-15500515
3625,EDCS-19300978
3626,EDCS-18300970
3627,EDCS-15500504
3628,EDCS-16100111
3629,EDCS-00600885
3630,EDCS-19000646
3631,EDCS-16200324
3632,EDCS-14800337
3633,EDCS-18300614
3634,EDCS-09300736
3635,EDCS-71400461
3636,EDCS-14800849
3637,EDCS-19000135
3638,EDCS-15500540
3639,EDCS-18800477
3640,EDCS-09400079
3641,EDCS-15600690
3642,EDCS-18700615
3643,EDCS-18300932
3644,EDCS-12200827
3645,EDCS-17201631
3646,EDCS-09600076
3647,EDCS-19000450
3648,EDCS-09600655
3649,EDCS-18500075
3650,EDCS-19000243
3651,EDCS-17200716
3652,EDCS-12101325
3653,EDCS-70900935
3654,EDCS-19101217
3655,EDCS-18700196
3656,EDCS-08900771
3657,EDCS-10200569
3658,EDCS-18300587
3659,EDCS-18900184
3660,EDCS-09200017
3661,EDCS-15100544
3662,EDCS-19300266
3663,EDCS-14800411
3664,EDCS-18900511
3665,EDCS-02700149
3666,EDCS-10200634
3667,EDCS-18900269
3668,EDCS-19200085
3669,EDCS-52602676
3670,EDCS-08900052
3671,EDCS-00600840
3672,EDCS-17201485
3673,EDCS-19300538
3674,EDCS-70800123
3675,EDCS-18800232
3676,EDCS-17200773
3677,EDCS-09600050
3678,EDCS-02700317
3679,EDCS-15100626
3680,EDCS-17200967
3681,EDCS-12001554
3682,EDCS-18900679
3683,EDCS-15200278
3684,EDCS-18100719
3685,EDCS-09600541
3686,EDCS-19300900
3687,EDCS-14800415
3688,EDCS-19700214
3689,EDCS-02600088
3690,EDCS-18600006
3691,EDCS-18900639
3692,EDCS-18100641
3693,EDCS-13000196
3694,EDCS-18600129
3695,EDCS-12101688
3696,EDCS-18300528
3697,EDCS-19200259
3698,EDCS-19000029
3699,EDCS-19300611
3700,EDCS-19000748
3701,EDCS-09300737
3702,EDCS-08300036
3703,EDCS-19100655
3704,EDCS-12001601
3705,EDCS-71400493
3706,EDCS-00600682
3707,EDCS-17900064
3708,EDCS-15400367
3709,EDCS-15400151
3710,EDCS-19000137
3711,EDCS-19300153
3712,EDCS-12001881
3713,EDCS-15300437
3714,EDCS-10200228
3715,EDCS-52602680
3716,EDCS-02700560
3717,EDCS-09300723
3718,EDCS-18600513
3719,EDCS-18300411
3720,EDCS-18900098
3721,EDCS-19000613
3722,EDCS-15500248
3723,EDCS-10701672
3724,EDCS-19100263
3725,EDCS-12000927
3726,EDCS-13000193
3727,EDCS-23702322
3728,EDCS-10200532
3729,EDCS-19100991
3730,EDCS-00600628
3731,EDCS-18300957
3732,EDCS-19100006
3733,EDCS-12001746
3734,EDCS-16100022
3735,EDCS-09600240
3736,EDCS-16000227
3737,EDCS-12001378
3738,EDCS-19000299
3739,EDCS-19200093
3740,EDCS-18100681
3741,EDCS-10201003
3742,EDCS-19800416
3743,EDCS-46500007
3744,EDCS-00600170
3745,EDCS-18900001
3746,EDCS-08400002
3747,EDCS-12001584
3748,EDCS-12100911
3749,EDCS-18800472
3750,EDCS-09300116
3751,EDCS-19300331
3752,EDCS-17300036
3753,EDCS-19100131
3754,EDCS-19100968
3755,EDCS-10201122
3756,EDCS-19300719
3757,EDCS-36700009
3758,EDCS-18900565
3759,EDCS-18600125
3760,EDCS-09200024
3761,EDCS-19600395
3762,EDCS-19300679
3763,EDCS-19400162
3764,EDCS-15500313
3765,EDCS-52800343
3766,EDCS-18900068
3767,EDCS-19000196
3768,EDCS-18600519
3769,EDCS-18900306
3770,EDCS-15100545
3771,EDCS-52800253
3772,EDCS-09200028
3773,EDCS-19300398
3774,EDCS-19700265
3775,EDCS-19100999
3776,EDCS-17200414
3777,EDCS-18900489
3778,EDCS-15400492
3779,EDCS-10200216
3780,EDCS-18900441
3781,EDCS-18600298
3782,EDCS-12001222
3783,EDCS-28000915
3784,EDCS-19400515
3785,EDCS-19301150
3786,EDCS-19600121
3787,EDCS-19600328
3788,EDCS-18800444
3789,EDCS-18700185
3790,EDCS-15600151
3791,EDCS-15100497
3792,EDCS-17900137
3793,EDCS-19100005
3794,EDCS-09400006
3795,EDCS-19300530
3796,EDCS-15400495
3797,EDCS-18700160
3798,EDCS-15500323
3799,EDCS-09400023
3800,EDCS-12101521
3801,EDCS-52800159
3802,EDCS-16100129
3803,EDCS-18700264
3804,EDCS-18700016
3805,EDCS-09300753
3806,EDCS-09700817
3807,EDCS-18300978
3808,EDCS-12101080
3809,EDCS-19300316
3810,EDCS-18900322
3811,EDCS-19100667
3812,EDCS-83200030
3813,EDCS-15600564
3814,EDCS-18900652
3815,EDCS-12101830
3816,EDCS-18600352
3817,EDCS-18100746
3818,EDCS-19700319
3819,EDCS-14800564
3820,EDCS-14800740
3821,EDCS-30400274
3822,EDCS-10200633
3823,EDCS-19300656
3824,EDCS-02700754
3825,EDCS-64900014
3826,EDCS-19100521
3827,EDCS-00600929
3828,EDCS-34201057
3829,EDCS-09600446
3830,EDCS-18800236
3831,EDCS-18500309
3832,EDCS-19300837
3833,EDCS-15200236
3834,EDCS-15600639
3835,EDCS-18800362
3836,EDCS-19101275
3837,EDCS-13000142
3838,EDCS-17200757
3839,EDCS-82900046
3840,EDCS-19100348
3841,EDCS-19300726
3842,EDCS-46500002
3843,EDCS-13000256
3844,EDCS-18900196
3845,EDCS-18900470
3846,EDCS-19000172
3847,EDCS-19000516
3848,EDCS-13700296
3849,EDCS-19300870
3850,EDCS-08900747
3851,EDCS-18700031
3852,EDCS-19300965
3853,EDCS-15400229
3854,EDCS-18300952
3855,EDCS-19300619
3856,EDCS-19300321
3857,EDCS-19000125
3858,EDCS-12001778
3859,EDCS-18100733
3860,EDCS-15400348
3861,EDCS-12001026
3862,EDCS-18900712
3863,EDCS-18700479
3864,EDCS-14800438
3865,EDCS-18301026
3866,EDCS-12001415
3867,EDCS-19101323
3868,EDCS-12001709
3869,EDCS-12001544
3870,EDCS-19600115
3871,EDCS-02700717
3872,EDCS-15500168
3873,EDCS-13000198
3874,EDCS-18700127
3875,EDCS-19700291
3876,EDCS-23702344
3877,EDCS-10200606
3878,EDCS-19300263
3879,EDCS-13000310
3880,EDCS-10200688
3881,EDCS-15600641
3882,EDCS-14800754
3883,EDCS-10400110
3884,EDCS-15300528
3885,EDCS-19000392
3886,EDCS-00600186
3887,EDCS-12001197
3888,EDCS-08600041
3889,EDCS-18500259
3890,EDCS-12001479
3891,EDCS-52800339
3892,EDCS-02700160
3893,EDCS-18900126
3894,EDCS-17201206
3895,EDCS-09600536
3896,EDCS-10200596
3897,EDCS-19700324
3898,EDCS-16000204
3899,EDCS-14800705
3900,EDCS-18700578
3901,EDCS-19300120
3902,EDCS-10200227
3903,EDCS-18300514
3904,EDCS-52602638
3905,EDCS-07400107
3906,EDCS-09600452
3907,EDCS-81800035
3908,EDCS-18800252
3909,EDCS-70800332
3910,EDCS-15600570
3911,EDCS-19300648
3912,EDCS-09300114
3913,EDCS-19100067
3914,EDCS-19600090
3915,EDCS-17301037
3916,EDCS-00600940
3917,EDCS-17900110
3918,EDCS-09600329
3919,EDCS-18500256
3920,EDCS-17201472
3921,EDCS-10200382
3922,EDCS-18700482
3923,EDCS-52700628
3924,EDCS-15200259
3925,EDCS-10200753
3926,EDCS-09300106
3927,EDCS-18600156
3928,EDCS-19700237
3929,EDCS-19200076
3930,EDCS-19300599
3931,EDCS-17900129
3932,EDCS-12001254
3933,EDCS-09600379
3934,EDCS-18500300
3935,EDCS-10200621
3936,EDCS-18301033
3937,EDCS-19300319
3938,EDCS-81700376
3939,EDCS-18500129
3940,EDCS-18200516
3941,EDCS-52800171
3942,EDCS-18100741
3943,EDCS-18600158
3944,EDCS-16100141
3945,EDCS-17200625
3946,EDCS-12001682
3947,EDCS-19200077
3948,EDCS-14800409
3949,EDCS-19101001
3950,EDCS-52700548
3951,EDCS-18800341
3952,EDCS-08600027
3953,EDCS-19600267
3954,EDCS-17200385
3955,EDCS-17201514
3956,EDCS-55702346
3957,EDCS-08400003
3958,EDCS-18900439
3959,EDCS-12001021
3960,EDCS-00600333
3961,EDCS-15400119
3962,EDCS-10400041
3963,EDCS-19300348
3964,EDCS-09300774
3965,EDCS-06100048
3966,EDCS-19000440
3967,EDCS-17200990
3968,EDCS-18800068
3969,EDCS-52800494
3970,EDCS-19200125
3971,EDCS-19000389
3972,EDCS-19100538
3973,EDCS-52800330
3974,EDCS-19600094
3975,EDCS-12001501
3976,EDCS-81800043
3977,EDCS-19301110
3978,EDCS-09701344
3979,EDCS-18600422
3980,EDCS-18500325
3981,EDCS-09600460
3982,EDCS-18700064
3983,EDCS-17201149
3984,EDCS-18600255
3985,EDCS-19000393
3986,EDCS-09300704
3987,EDCS-15600525
3988,EDCS-12101584
3989,EDCS-18300441
3990,EDCS-09600363
3991,EDCS-52800201
3992,EDCS-18600815
3993,EDCS-12001774
3994,EDCS-09001105
3995,EDCS-09401322
3996,EDCS-14800281
3997,EDCS-19300991
3998,EDCS-19300200
3999,EDCS-00600723
4000,EDCS-15600635
4001,EDCS-80200092
4002,EDCS-12001372
4003,EDCS-19300470
4004,EDCS-19300179
4005,EDCS-83500202
4006,EDCS-19000486
4007,EDCS-02700715
4008,EDCS-19300799
4009,EDCS-19700233
4010,EDCS-18600345
4011,EDCS-19000421
4012,EDCS-07600021
4013,EDCS-18600733
4014,EDCS-17300057
4015,EDCS-07000104
4016,EDCS-08900102
4017,EDCS-19600117
4018,EDCS-10200674
4019,EDCS-13000187
4020,EDCS-09600061
4021,EDCS-18300771
4022,EDCS-15400135
4023,EDCS-15100642
4024,EDCS-19000342
4025,EDCS-17200643
4026,EDCS-19200155
4027,EDCS-10200535
4028,EDCS-08300040
4029,EDCS-19000051
4030,EDCS-12001249
4031,EDCS-09600422
4032,EDCS-12101565
4033,EDCS-09600475
4034,EDCS-15400198
4035,EDCS-18900516
4036,EDCS-12000984
4037,EDCS-18300506
4038,EDCS-19300575
4039,EDCS-19101234
4040,EDCS-18301068
4041,EDCS-12001067
4042,EDCS-19100635
4043,EDCS-13000146
4044,EDCS-12001877
4045,EDCS-09400067
4046,EDCS-19700241
4047,EDCS-19301042
4048,EDCS-17201482
4049,EDCS-12001745
4050,EDCS-12001218
4051,EDCS-19300968
4052,EDCS-12000994
4053,EDCS-12001693
4054,EDCS-00600465
4055,EDCS-19000141
4056,EDCS-02700608
4057,EDCS-20100036
4058,EDCS-19200318
4059,EDCS-52700654
4060,EDCS-16100162
4061,EDCS-19100682
4062,EDCS-02700338
4063,EDCS-15400084
4064,EDCS-18100413
4065,EDCS-19300760
4066,EDCS-71400506
4067,EDCS-09701319
4068,EDCS-03900001
4069,EDCS-19300498
4070,EDCS-15600650
4071,EDCS-19000401
4072,EDCS-15400442
4073,EDCS-10200618
4074,EDCS-19400171
4075,EDCS-76600210
4076,EDCS-12001060
4077,EDCS-09800013
4078,EDCS-12001563
4079,EDCS-18700310
4080,EDCS-64400182
4081,EDCS-12001449
4082,EDCS-15100585
4083,EDCS-19000431
4084,EDCS-18300424
4085,EDCS-08900093
4086,EDCS-12200902
4087,EDCS-12200840
4088,EDCS-19300375
4089,EDCS-19300297
4090,EDCS-18300495
4091,EDCS-19300509
4092,EDCS-19300270
4093,EDCS-19101235
4094,EDCS-19300914
4095,EDCS-14800402
4096,EDCS-09600224
4097,EDCS-02700815
4098,EDCS-19301163
4099,EDCS-10200403
4100,EDCS-18600117
4101,EDCS-19000784
4102,EDCS-06100039
4103,EDCS-19700299
4104,EDCS-09401330
4105,EDCS-00600951
4106,EDCS-18900731
4107,EDCS-52603031
4108,EDCS-18300598
4109,EDCS-09600859
4110,EDCS-17201202
4111,EDCS-09600213
4112,EDCS-02700073
4113,EDCS-09701365
4114,EDCS-19600340
4115,EDCS-19300644
4116,EDCS-19000822
4117,EDCS-15600476
4118,EDCS-17201465
4119,EDCS-18700194
4120,EDCS-00600802
4121,EDCS-18600458
4122,EDCS-19300490
4123,EDCS-12001030
4124,EDCS-52800200
4125,EDCS-02700733
4126,EDCS-19100008
4127,EDCS-18300935
4128,EDCS-10201164
4129,EDCS-19300840
4130,EDCS-19000446
4131,EDCS-12101780
4132,EDCS-18900209
4133,EDCS-02700017
4134,EDCS-18300777
4135,EDCS-09600483
4136,EDCS-15100566
4137,EDCS-17900116
4138,EDCS-19800417
4139,EDCS-10201178
4140,EDCS-18700631
4141,EDCS-15600415
4142,EDCS-15400072
4143,EDCS-70800337
4144,EDCS-02700539
4145,EDCS-09400058
4146,EDCS-15400218
4147,EDCS-18900752
4148,EDCS-08300053
4149,EDCS-19400072
4150,EDCS-18800454
4151,EDCS-71400515
4152,EDCS-76600070
4153,EDCS-18300479
4154,EDCS-15600501
4155,EDCS-52800297
4156,EDCS-02700566
4157,EDCS-18900140
4158,EDCS-17300054
4159,EDCS-12000997
4160,EDCS-15400238
4161,EDCS-17201439
4162,EDCS-14200890
4163,EDCS-07400081
4164,EDCS-19300948
4165,EDCS-19301168
4166,EDCS-00600776
4167,EDCS-10200351
4168,EDCS-13000222
4169,EDCS-18600273
4170,EDCS-12001729
4171,EDCS-52800453
4172,EDCS-14800410
4173,EDCS-13000197
4174,EDCS-15300485
4175,EDCS-09001096
4176,EDCS-19000326
4177,EDCS-16000218
4178,EDCS-52800246
4179,EDCS-18600057
4180,EDCS-18900737
4181,EDCS-12101196
4182,EDCS-52602663
4183,EDCS-19301252
4184,EDCS-17300034
4185,EDCS-07000115
4186,EDCS-12100950
4187,EDCS-12101451
4188,EDCS-17900134
4189,EDCS-19500152
4190,EDCS-18900108
4191,EDCS-09401307
4192,EDCS-18900111
4193,EDCS-18900217
4194,EDCS-15400060
4195,EDCS-18300974
4196,EDCS-18800355
4197,EDCS-00600228
4198,EDCS-19000142
4199,EDCS-12101266
4200,EDCS-00600822
4201,EDCS-18600153
4202,EDCS-09001095
4203,EDCS-19000289
4204,EDCS-09600070
4205,EDCS-19301011
4206,EDCS-18800446
4207,EDCS-19600173
4208,EDCS-12101899
4209,EDCS-30400286
4210,EDCS-19101015
4211,EDCS-10200385
4212,EDCS-15500262
4213,EDCS-19100324
4214,EDCS-19000199
4215,EDCS-19700250
4216,EDCS-19100214
4217,EDCS-19000419
4218,EDCS-18700534
4219,EDCS-18900443
4220,EDCS-15100543
4221,EDCS-19300280
4222,EDCS-17201111
4223,EDCS-18301072
4224,EDCS-18700418
4225,EDCS-19300902
4226,EDCS-18800345
4227,EDCS-15100452
4228,EDCS-10200837
4229,EDCS-52800497
4230,EDCS-71000023
4231,EDCS-18900636
4232,EDCS-18900319
4233,EDCS-08400007
4234,EDCS-12001269
4235,EDCS-18500278
4236,EDCS-15600541
4237,EDCS-19300328
4238,EDCS-10200762
4239,EDCS-12001649
4240,EDCS-18600194
4241,EDCS-23400973
4242,EDCS-09001113
4243,EDCS-16200444
4244,EDCS-00600504
4245,EDCS-10200291
4246,EDCS-19600141
4247,EDCS-00600248
4248,EDCS-19400535
4249,EDCS-19300924
4250,EDCS-02700883
4251,EDCS-12200688
4252,EDCS-12001707
4253,EDCS-19200252
4254,EDCS-18500082
4255,EDCS-52800187
4256,EDCS-16000155
4257,EDCS-09600276
4258,EDCS-15300503
4259,EDCS-19600158
4260,EDCS-15400404
4261,EDCS-00600905
4262,EDCS-16100168
4263,EDCS-16000130
4264,EDCS-19200094
4265,EDCS-18700275
4266,EDCS-19301123
4267,EDCS-06100049
4268,EDCS-15500183
4269,EDCS-18700506
4270,EDCS-00600197
4271,EDCS-18800069
4272,EDCS-14800488
4273,EDCS-19300345
4274,EDCS-19100956
4275,EDCS-12101021
4276,EDCS-19400408
4277,EDCS-18900436
4278,EDCS-10200698
4279,EDCS-09600558
4280,EDCS-09400048
4281,EDCS-13000169
4282,EDCS-15600205
4283,EDCS-19600282
4284,EDCS-09600481
4285,EDCS-16100041
4286,EDCS-19000461
4287,EDCS-19301017
4288,EDCS-15500522
4289,EDCS-64400139
4290,EDCS-00600554
4291,EDCS-18900003
4292,EDCS-85200126
4293,EDCS-09700510
4294,EDCS-12100939
4295,EDCS-15500393
4296,EDCS-34201034
4297,EDCS-19300999
4298,EDCS-14800334
4299,EDCS-17201386
4300,EDCS-18600248
4301,EDCS-76800040
4302,EDCS-02700710
4303,EDCS-00600758
4304,EDCS-18900201
4305,EDCS-19700201
4306,EDCS-00600597
4307,EDCS-12001671
4308,EDCS-12101809
4309,EDCS-10200930
4310,EDCS-15100454
4311,EDCS-19200132
4312,EDCS-17200478
4313,EDCS-00600029
4314,EDCS-19100158
4315,EDCS-76600193
4316,EDCS-12101620
4317,EDCS-85600137
4318,EDCS-13000299
4319,EDCS-13300008
4320,EDCS-19300604
4321,EDCS-09600582
4322,EDCS-15500225
4323,EDCS-16300606
4324,EDCS-08300054
4325,EDCS-09700038
4326,EDCS-30400304
4327,EDCS-18600137
4328,EDCS-18600427
4329,EDCS-16200489
4330,EDCS-17201559
4331,EDCS-19400054
4332,EDCS-18700237
4333,EDCS-10200960
4334,EDCS-18900376
4335,EDCS-12001397
4336,EDCS-12001885
4337,EDCS-19300361
4338,EDCS-18300401
4339,EDCS-19300898
4340,EDCS-35200240
4341,EDCS-15600434
4342,EDCS-19300892
4343,EDCS-19100137
4344,EDCS-10200585
4345,EDCS-10200502
4346,EDCS-34201060
4347,EDCS-19300557
4348,EDCS-10200819
4349,EDCS-09600270
4350,EDCS-19700242
4351,EDCS-18900952
4352,EDCS-19300468
4353,EDCS-03900170
4354,EDCS-12101642
4355,EDCS-09600187
4356,EDCS-17201150
4357,EDCS-14800224
4358,EDCS-19000167
4359,EDCS-18700512
4360,EDCS-18900688
4361,EDCS-18700274
4362,EDCS-09001116
4363,EDCS-18900161
4364,EDCS-17200227
4365,EDCS-09401321
4366,EDCS-09400078
4367,EDCS-18300776
4368,EDCS-71000022
4369,EDCS-07000124
4370,EDCS-12101404
4371,EDCS-13000347
4372,EDCS-17201295
4373,EDCS-72800139
4374,EDCS-12000942
4375,EDCS-00600613
4376,EDCS-18700388
4377,EDCS-15600253
4378,EDCS-19000488
4379,EDCS-12200817
4380,EDCS-09600149
4381,EDCS-18600220
4382,EDCS-12101002
4383,EDCS-18700340
4384,EDCS-16100140
4385,EDCS-18500320
4386,EDCS-14800378
4387,EDCS-12001847
4388,EDCS-09700845
4389,EDCS-17301019
4390,EDCS-18600068
4391,EDCS-14800260
4392,EDCS-64800451
4393,EDCS-52700589
4394,EDCS-19000633
4395,EDCS-73800043
4396,EDCS-00600434
4397,EDCS-16200338
4398,EDCS-19000305
4399,EDCS-19000239
4400,EDCS-52700746
4401,EDCS-18700198
4402,EDCS-00600177
4403,EDCS-52700582
4404,EDCS-15600118
4405,EDCS-12001252
4406,EDCS-15300510
4407,EDCS-19200091
4408,EDCS-19000245
4409,EDCS-09800031
4410,EDCS-10201200
4411,EDCS-19101316
4412,EDCS-10200195
4413,EDCS-17201120
4414,EDCS-19200209
4415,EDCS-17200488
4416,EDCS-70800358
4417,EDCS-07600020
4418,EDCS-18700354
4419,EDCS-18500294
4420,EDCS-76500119
4421,EDCS-18600287
4422,EDCS-18100699
4423,EDCS-18600209
4424,EDCS-36800040
4425,EDCS-19200066
4426,EDCS-18600087
4427,EDCS-09600820
4428,EDCS-10200746
4429,EDCS-19400062
4430,EDCS-30400356
4431,EDCS-17200703
4432,EDCS-13000127
4433,EDCS-12001733
4434,EDCS-18600340
4435,EDCS-18600149
4436,EDCS-15100499
4437,EDCS-19200118
4438,EDCS-19101013
4439,EDCS-19000024
4440,EDCS-18500233
4441,EDCS-18800379
4442,EDCS-24100642
4443,EDCS-19300501
4444,EDCS-16200360
4445,EDCS-19600392
4446,EDCS-18301047
4447,EDCS-19300385
4448,EDCS-09300752
4449,EDCS-12001553
4450,EDCS-34200215
4451,EDCS-18600438
4452,EDCS-18500070
4453,EDCS-00600558
4454,EDCS-19301213
4455,EDCS-19300343
4456,EDCS-18200437
4457,EDCS-17201256
4458,EDCS-18300806
4459,EDCS-08900785
4460,EDCS-19000544
4461,EDCS-18300496
4462,EDCS-12101400
4463,EDCS-18600366
4464,EDCS-09600510
4465,EDCS-19301235
4466,EDCS-19300092
4467,EDCS-52700652
4468,EDCS-23500417
4469,EDCS-15400462
4470,EDCS-19300758
4471,EDCS-19000045
4472,EDCS-09600471
4473,EDCS-14800776
4474,EDCS-12001514
4475,EDCS-15100547
4476,EDCS-18600376
4477,EDCS-02700084
4478,EDCS-18900086
4479,EDCS-10200665
4480,EDCS-18200010
4481,EDCS-18900575
4482,EDCS-19301229
4483,EDCS-23702317
4484,EDCS-16000270
4485,EDCS-14800950
4486,EDCS-19101301
4487,EDCS-18800432
4488,EDCS-71400504
4489,EDCS-12001045
4490,EDCS-18800327
4491,EDCS-12101004
4492,EDCS-10200936
4493,EDCS-17900092
4494,EDCS-17200961
4495,EDCS-18300775
4496,EDCS-13000302
4497,EDCS-17300032
4498,EDCS-19000429
4499,EDCS-13000223
4500,EDCS-17200400
4501,EDCS-19000058
4502,EDCS-12001163
4503,EDCS-09600008
4504,EDCS-18800308
4505,EDCS-17300050
4506,EDCS-19000630
4507,EDCS-19000221
4508,EDCS-02700818
4509,EDCS-02700325
4510,EDCS-12001281
4511,EDCS-12001540
4512,EDCS-14800577
4513,EDCS-19400510
4514,EDCS-18500260
4515,EDCS-18600166
4516,EDCS-00600334
4517,EDCS-15600448
4518,EDCS-18600266
4519,EDCS-17200761
4520,EDCS-70800348
4521,EDCS-09600445
4522,EDCS-02700709
4523,EDCS-12200798
4524,EDCS-18600359
4525,EDCS-10701657
4526,EDCS-00600733
4527,EDCS-19000272
4528,EDCS-09001098
4529,EDCS-15400463
4530,EDCS-12000905
4531,EDCS-12101078
4532,EDCS-19600266
4533,EDCS-12000949
4534,EDCS-18900951
4535,EDCS-52700664
4536,EDCS-15600364
4537,EDCS-19100656
4538,EDCS-10201132
4539,EDCS-02700401
4540,EDCS-18500275
4541,EDCS-18800264
4542,EDCS-18900279
4543,EDCS-18600328
4544,EDCS-18500125
4545,EDCS-19000514
4546,EDCS-12101449
4547,EDCS-19100626
4548,EDCS-05401017
4549,EDCS-13900048
4550,EDCS-19600313
4551,EDCS-70800360
4552,EDCS-18300559
4553,EDCS-71400487
4554,EDCS-10200473
4555,EDCS-19300581
4556,EDCS-17200665
4557,EDCS-15400226
4558,EDCS-19200201
4559,EDCS-70900945
4560,EDCS-19600264
4561,EDCS-12001319
4562,EDCS-08900761
4563,EDCS-15600439
4564,EDCS-18300439
4565,EDCS-18800396
4566,EDCS-12101184
4567,EDCS-09600470
4568,EDCS-18900653
4569,EDCS-52800389
4570,EDCS-15600135
4571,EDCS-10200943
4572,EDCS-19100569
4573,EDCS-09600837
4574,EDCS-18301059
4575,EDCS-19300363
4576,EDCS-19100063
4577,EDCS-32701109
4578,EDCS-13000332
4579,EDCS-18600052
4580,EDCS-19600226
4581,EDCS-52800450
4582,EDCS-19400492
4583,EDCS-65200098
4584,EDCS-18900566
4585,EDCS-17200591
4586,EDCS-16100146
4587,EDCS-70900105
4588,EDCS-17200426
4589,EDCS-19100639
4590,EDCS-15400486
4591,EDCS-51200145
4592,EDCS-18800082
4593,EDCS-79700030
4594,EDCS-17201053
4595,EDCS-15400269
4596,EDCS-12101116
4597,EDCS-19200228
4598,EDCS-15400241
4599,EDCS-18100713
4600,EDCS-08600064
4601,EDCS-03900130
4602,EDCS-18900356
4603,EDCS-19000102
4604,EDCS-36800036
4605,EDCS-19100675
4606,EDCS-55702345
4607,EDCS-18900107
4608,EDCS-15600105
4609,EDCS-13700242
4610,EDCS-16100042
4611,EDCS-02700597
4612,EDCS-19000752
4613,EDCS-12001865
4614,EDCS-19400418
4615,EDCS-13000330
4616,EDCS-08900781
4617,EDCS-08600061
4618,EDCS-14800632
4619,EDCS-18700329
4620,EDCS-19000263
4621,EDCS-19600170
4622,EDCS-52800451
4623,EDCS-18300525
4624,EDCS-19300340
4625,EDCS-18800322
4626,EDCS-64900026
4627,EDCS-19000055
4628,EDCS-35100513
4629,EDCS-18900079
4630,EDCS-16200331
4631,EDCS-19600195
4632,EDCS-19100032
4633,EDCS-15300479
4634,EDCS-12101041
4635,EDCS-02700837
4636,EDCS-18600126
4637,EDCS-33400601
4638,EDCS-12001647
4639,EDCS-19000518
4640,EDCS-18600658
4641,EDCS-15600686
4642,EDCS-10200505
4643,EDCS-17200295
4644,EDCS-18900009
4645,EDCS-08900766
4646,EDCS-19000155
4647,EDCS-12200714
4648,EDCS-09600726
4649,EDCS-52602575
4650,EDCS-18900378
4651,EDCS-20000107
4652,EDCS-30400308
4653,EDCS-18900296
4654,EDCS-19300189
4655,EDCS-19300607
4656,EDCS-52602660
4657,EDCS-76600135
4658,EDCS-18100946
4659,EDCS-15600498
4660,EDCS-08900769
4661,EDCS-18600160
4662,EDCS-17201447
4663,EDCS-17201363
4664,EDCS-19300168
4665,EDCS-19100629
4666,EDCS-08900117
4667,EDCS-12101334
4668,EDCS-09600491
4669,EDCS-12101684
4670,EDCS-71400476
4671,EDCS-19000427
4672,EDCS-18700028
4673,EDCS-09600244
4674,EDCS-16100458
4675,EDCS-17200467
4676,EDCS-19101042
4677,EDCS-09300751
4678,EDCS-08500048
4679,EDCS-00600384
4680,EDCS-08500046
4681,EDCS-18300778
4682,EDCS-09600236
4683,EDCS-09200029
4684,EDCS-19100029
4685,EDCS-18900228
4686,EDCS-16100026
4687,EDCS-18700033
4688,EDCS-19000774
4689,EDCS-71400495
4690,EDCS-14800340
4691,EDCS-71400492
4692,EDCS-10200953
4693,EDCS-15500191
4694,EDCS-34201067
4695,EDCS-18900044
4696,EDCS-12200704
4697,EDCS-02700153
4698,EDCS-16200238
4699,EDCS-12001444
4700,EDCS-52800209
4701,EDCS-14800325
4702,EDCS-18900089
4703,EDCS-10200384
4704,EDCS-02700474
4705,EDCS-19300347
4706,EDCS-15400124
4707,EDCS-19300346
4708,EDCS-18900035
4709,EDCS-17300055
4710,EDCS-17201493
4711,EDCS-02700137
4712,EDCS-09401288
4713,EDCS-71400523
4714,EDCS-10200950
4715,EDCS-17201140
4716,EDCS-09800014
4717,EDCS-70900549
4718,EDCS-76500118
4719,EDCS-17200691
4720,EDCS-16100558
4721,EDCS-19000580
4722,EDCS-18800352
4723,EDCS-18900159
4724,EDCS-18900488
4725,EDCS-09600034
4726,EDCS-16100488
4727,EDCS-18700316
4728,EDCS-19000188
4729,EDCS-00600518
4730,EDCS-18600132
4731,EDCS-52700643
4732,EDCS-12101148
4733,EDCS-12200607
4734,EDCS-12101178
4735,EDCS-19600188
4736,EDCS-18300915
4737,EDCS-19600298
4738,EDCS-17200760
4739,EDCS-16100106
4740,EDCS-18200491
4741,EDCS-10200843
4742,EDCS-18900544
4743,EDCS-09401338
4744,EDCS-19300671
4745,EDCS-09600104
4746,EDCS-19300646
4747,EDCS-19600177
4748,EDCS-12200805
4749,EDCS-19400050
4750,EDCS-13000300
4751,EDCS-18100656
4752,EDCS-15600199
4753,EDCS-02700727
4754,EDCS-52700587
4755,EDCS-16100051
4756,EDCS-18900216
4757,EDCS-19300310
4758,EDCS-00600271
4759,EDCS-54100631
4760,EDCS-10701671
4761,EDCS-18700356
4762,EDCS-30400344
4763,EDCS-19301010
4764,EDCS-18300605
4765,EDCS-18700287
4766,EDCS-18800461
4767,EDCS-17900112
4768,EDCS-19100572
4769,EDCS-18100649
4770,EDCS-19300884
4771,EDCS-12101805
4772,EDCS-12800200
4773,EDCS-17201358
4774,EDCS-00600771
4775,EDCS-52800432
4776,EDCS-19000111
4777,EDCS-32701098
4778,EDCS-19200097
4779,EDCS-08300026
4780,EDCS-18200489
4781,EDCS-19101159
4782,EDCS-15500213
4783,EDCS-09600490
4784,EDCS-18600150
4785,EDCS-17300745
4786,EDCS-09600567
4787,EDCS-19000411
4788,EDCS-09300697
4789,EDCS-19300524
4790,EDCS-19300131
4791,EDCS-19600243
4792,EDCS-03900127
4793,EDCS-19101251
4794,EDCS-13000304
4795,EDCS-18900472
4796,EDCS-35000621
4797,EDCS-15100468
4798,EDCS-19400513
4799,EDCS-19400387
4800,EDCS-09400012
4801,EDCS-18600133
4802,EDCS-18900133
4803,EDCS-13000110
4804,EDCS-15500346
4805,EDCS-17201284
4806,EDCS-00600162
4807,EDCS-19000798
4808,EDCS-10200992
4809,EDCS-18900168
4810,EDCS-02700486
4811,EDCS-15300455
4812,EDCS-10200389
4813,EDCS-19300499
4814,EDCS-18300392
4815,EDCS-10201029
4816,EDCS-17200541
4817,EDCS-19000215
4818,EDCS-15600456
4819,EDCS-14800327
4820,EDCS-02700088
4821,EDCS-12200710
4822,EDCS-15600509
4823,EDCS-18600067
4824,EDCS-13900373
4825,EDCS-19000435
4826,EDCS-18900081
4827,EDCS-19100018
4828,EDCS-15200268
4829,EDCS-12101059
4830,EDCS-18600058
4831,EDCS-08900786
4832,EDCS-19300454
4833,EDCS-18800119
4834,EDCS-18900307
4835,EDCS-15500340
4836,EDCS-00600730
4837,EDCS-18700423
4838,EDCS-08600066
4839,EDCS-19100030
4840,EDCS-19000309
4841,EDCS-12101840
4842,EDCS-13000186
4843,EDCS-12600858
4844,EDCS-18700153
4845,EDCS-19100563
4846,EDCS-17200516
4847,EDCS-54100668
4848,EDCS-15600405
4849,EDCS-18600542
4850,EDCS-09600845
4851,EDCS-18900256
4852,EDCS-19100532
4853,EDCS-52602656
4854,EDCS-52602591
4855,EDCS-19100551
4856,EDCS-12001850
4857,EDCS-19600168
4858,EDCS-19600185
4859,EDCS-12101571
4860,EDCS-07000087
4861,EDCS-30400305
4862,EDCS-16200475
4863,EDCS-14800931
4864,EDCS-18600146
4865,EDCS-18900273
4866,EDCS-19101125
4867,EDCS-19600333
4868,EDCS-15500569
4869,EDCS-02700319
4870,EDCS-12101386
4871,EDCS-19300364
4872,EDCS-19600174
4873,EDCS-12001887
4874,EDCS-19000127
4875,EDCS-19600397
4876,EDCS-19000453
4877,EDCS-09300706
4878,EDCS-12001054
4879,EDCS-19000590
4880,EDCS-19000415
4881,EDCS-19300511
4882,EDCS-10200789
4883,EDCS-17201641
4884,EDCS-52800488
4885,EDCS-09600695
4886,EDCS-19300382
4887,EDCS-03900116
4888,EDCS-14800280
4889,EDCS-19300940
4890,EDCS-12001643
4891,EDCS-18600278
4892,EDCS-16100521
4893,EDCS-18600659
4894,EDCS-18700277
4895,EDCS-00600572
4896,EDCS-02700050
4897,EDCS-17200816
4898,EDCS-14800297
4899,EDCS-17200762
4900,EDCS-10200381
4901,EDCS-19301113
4902,EDCS-52800220
4903,EDCS-18200422
4904,EDCS-35000623
4905,EDCS-00600295
4906,EDCS-12101025
4907,EDCS-19400444
4908,EDCS-17201523
4909,EDCS-18300608
4910,EDCS-09001099
4911,EDCS-03900040
4912,EDCS-15500157
4913,EDCS-18900433
4914,EDCS-19100519
4915,EDCS-19000164
4916,EDCS-18700039
4917,EDCS-09300691
4918,EDCS-18200455
4919,EDCS-17200819
4920,EDCS-17200481
4921,EDCS-15500172
4922,EDCS-18900334
4923,EDCS-18800282
4924,EDCS-19300662
4925,EDCS-54100618
4926,EDCS-18600325
4927,EDCS-19400501
4928,EDCS-00600828
4929,EDCS-17200571
4930,EDCS-09300700
4931,EDCS-12101326
4932,EDCS-16100003
4933,EDCS-18900432
4934,EDCS-00600706
4935,EDCS-18900469
4936,EDCS-12100996
4937,EDCS-19300641
4938,EDCS-13000325
4939,EDCS-15500537
4940,EDCS-03900169
4941,EDCS-10200233
4942,EDCS-19300674
4943,EDCS-15500250
4944,EDCS-18600279
4945,EDCS-18600071
4946,EDCS-18900200
4947,EDCS-03900136
4948,EDCS-52602684
4949,EDCS-11500905
4950,EDCS-00600612
4951,EDCS-20000146
4952,EDCS-09600017
4953,EDCS-18900123
4954,EDCS-18301012
4955,EDCS-17900115
4956,EDCS-18100672
4957,EDCS-10200814
4958,EDCS-52700611
4959,EDCS-13000184
4960,EDCS-19600201
4961,EDCS-02700282
4962,EDCS-15100512
4963,EDCS-18700526
4964,EDCS-19200122
4965,EDCS-19300452
4966,EDCS-19600108
4967,EDCS-52800335
4968,EDCS-16200375
4969,EDCS-07400067
4970,EDCS-19000082
4971,EDCS-09600831
4972,EDCS-18800229
4973,EDCS-12101772
4974,EDCS-02700868
4975,EDCS-14800868
4976,EDCS-00600090
4977,EDCS-52800458
4978,EDCS-18600131
4979,EDCS-20500016
4980,EDCS-18900250
4981,EDCS-17200692
4982,EDCS-15600200
4983,EDCS-12001797
4984,EDCS-19200227
4985,EDCS-10400042
4986,EDCS-12001438
4987,EDCS-15300516
4988,EDCS-15300397
4989,EDCS-00600160
4990,EDCS-18800335
4991,EDCS-17200677
4992,EDCS-12001366
4993,EDCS-18600060
4994,EDCS-14800948
4995,EDCS-04202408
4996,EDCS-12001653
4997,EDCS-19000241
4998,EDCS-15200256
4999,EDCS-12200757
5000,EDCS-12001074
